Plate 1: cols 1-6,Plate 1: cols 7-12,Plate 2: cols 1-6,Plate 2: cols 7-12,A: Ladder
0.123681,0,0,0.2022422,0.04153074
0.2840938,0.02244814,0.02346718,0.1788392,0.1980798
0.3822038,0.1323323,0.1267586,0.105797,0.2947788
0.3238321,0.279196,0.2909785,0.01648293,0.2655827
0.2384986,0.2801265,0.3730119,0.1227262,0.4020845
0.2115667,0.3665204,0.4898421,0.2839994,0.8678584
0.1522988,0.428033,0.5218689,0.3449672,1.124467
0.1143768,0.5824954,0.5270781,0.3790418,1.211113
0.1574584,0.7602515,0.5740017,0.5150416,1.3086
0.169439,0.6205725,0.7280084,0.5077299,1.23742
0.1991083,0.3539749,0.6872752,0.5239374,1.217958
0.2094774,0.1923173,0.6120081,0.6107299,1.301577
0.1940358,0.1387248,0.5573217,0.7666662,1.444302
0.1659303,0.2143948,0.5545886,0.9102589,1.413066
0.230549,0.4987607,0.6175543,1.09703,1.329231
0.3673766,0.4135157,0.7516017,1.216632,0.9858691
0.5022258,0.3630766,0.8739893,1.26836,0.659969
0.6034974,0.3799881,0.9888902,1.259951,0.6826086
0.7640147,0.4628414,1.154019,1.03055,0.8995945
0.8801098,0.5919831,1.251242,0.8038899,0.8252912
0.9723383,0.592881,1.439786,0.6448565,0.7703726
1.052564,0.572974,1.570553,0.5546618,0.8332576
1.121743,0.4855883,1.586651,0.4659784,0.9395911
0.9791793,0.3557814,1.560001,0.5309863,1.220682
0.9750424,0.4245478,1.526127,0.6365441,1.484139
0.9619418,0.6161277,1.565586,0.7201372,1.559714
0.9111136,0.7371579,1.602106,0.7602447,1.36193
0.9054072,0.6890239,1.587101,1.027503,1.391422
1.060412,0.4711924,1.62588,1.163127,1.382777
1.143398,0.3335787,1.619088,1.206981,1.468985
1.159731,0.3505967,1.642254,1.197381,1.590909
1.13959,0.3923821,1.62487,1.191245,1.526094
1.152569,0.4957175,1.481505,1.35708,1.448197
1.206527,0.6983885,1.399827,1.488748,1.45661
1.269716,0.967733,1.243446,1.548823,1.414176
1.281844,0.8609882,1.131244,1.533965,1.270052
1.17515,0.956706,1.08769,1.551133,1.424271
1.369079,1.223981,1.081668,1.487944,1.543843
1.437258,1.513161,1.098028,1.467894,1.660481
1.397067,1.673364,1.128284,1.544355,1.889401
1.339439,1.799754,1.217513,1.751587,2.413351
1.514698,1.837872,1.38582,1.850446,2.778611
1.540849,1.862427,1.623954,1.953221,2.979641
1.601615,1.926526,1.817187,2.142801,3.080631
1.711273,1.741797,1.935356,2.438457,3.151417
1.862654,1.759074,2.04278,2.683583,3.305539
2.044423,1.707871,2.18236,2.837238,3.336721
2.286564,1.573969,2.285416,2.857395,3.267293
2.464793,1.439391,2.38024,2.806623,3.226492
2.594788,1.548149,2.520729,2.791492,3.391199
2.770118,1.720232,2.665384,2.78848,3.592596
2.898273,1.903725,2.775007,2.903861,3.686674
2.941427,2.081437,3.153559,3.099062,3.81147
3.077824,2.247447,3.46312,3.34556,4.015296
3.35602,2.39521,3.834715,3.623373,4.197389
3.548604,2.572164,4.240925,4.04135,4.466471
3.751044,2.71821,4.551552,4.601342,4.800923
4.05082,2.874147,5.080632,5.272592,5.341723
4.510402,3.115705,5.641142,6.013596,6.244812
5.17587,3.34831,6.324418,6.876866,7.360601
6.025936,3.614011,7.233667,7.953954,8.361105
6.832996,3.917346,8.537843,9.226726,9.655155
7.710292,4.302246,9.989996,10.67516,11.40995
8.75464,4.834897,11.80712,12.26917,13.59253
10.08402,5.612368,13.98542,14.28575,15.94478
11.67638,6.564716,16.45238,16.6608,18.74644
13.64331,7.73073,19.00192,19.45587,21.92473
15.90939,9.140587,22.34046,22.73773,25.43513
18.44983,10.8183,26.01938,26.73336,30.16413
21.49984,13.07181,30.11121,31.0192,35.46098
25.30451,15.63243,34.78643,35.67171,41.81993
29.78875,18.6635,40.15606,40.75788,49.18675
34.87593,22.26687,46.38786,46.36629,57.00239
40.44691,26.48695,53.56537,52.68339,65.46823
46.53209,31.3691,61.79642,59.66747,74.61787
54.00649,37.54943,71.16776,67.32607,84.83215
62.31139,44.27988,81.71505,75.76524,96.18521
71.31495,51.36773,93.07838,85.98878,107.1405
81.33508,59.17824,105.1769,96.93859,119.3149
92.56506,67.98597,118.0382,108.6122,132.2551
104.5265,77.92757,131.9453,121.199,146.0557
117.4283,88.94762,146.9171,135.0239,161.1026
131.4174,100.8626,162.5742,150.0113,176.8463
146.4152,113.3501,178.8577,164.9386,193.2937
162.6478,127.839,195.8054,180.4702,210.2493
178.7307,143.5414,213.9356,196.9736,227.6424
195.0824,160.1116,233.3418,213.8645,245.9878
212.8765,177.6425,253.3258,231.3432,264.4543
233.7937,196.9776,273.2425,249.0606,283.0284
253.9475,216.5014,292.5706,267.226,301.2135
273.9391,237.3791,312.6625,286.2478,318.2761
294.071,259.3834,332.003,304.6471,336.9236
314.2661,281.9403,350.6456,323.5847,355.2163
333.6474,303.9487,368.7479,342.5159,372.9138
353.6324,326.3532,386.5918,361.1668,390.0582
373.7472,348.3131,403.5059,379.7528,407.3478
393.2181,370.2285,419.992,395.6222,422.8247
410.6942,392.2711,436.0851,411.2889,438.0747
426.9066,413.8713,451.8969,426.4694,453.1125
443.3814,433.7813,467.6685,440.2562,467.5899
460.1514,452.3868,480.6182,451.6021,480.2127
476.4047,470.0972,492.158,461.1936,491.1669
486.9819,486.9113,502.7107,469.8786,500.9788
496.2539,501.4152,512.3823,478.1145,510.0269
505.1292,512.7514,520.0601,486.0088,518.6575
513.4463,521.7082,525.4061,492.1565,524.8479
518.1736,528.2164,529.0822,496.9817,529.3087
522.569,532.3474,531.2521,500.4163,532.456
526.4899,534.5091,532.0184,502.3342,534.5143
528.6982,534.5128,530.8323,501.6947,532.468
528.0019,532.6276,527.4054,499.4345,529.9418
526.3918,528.7186,522.7322,495.864,525.8345
523.2557,522.6852,516.3434,490.8551,519.7818
518.354,514.2493,506.8875,483.7592,511.9522
511.2325,504.1546,495.7867,474.3005,501.351
501.099,491.3922,483.8395,464.2579,489.372
490.2722,476.5223,470.2683,453.8458,476.0916
478.1127,460.4623,454.9389,442.9365,461.4224
463.5341,443.4857,438.5926,429.5239,444.208
446.2318,423.8077,422.534,415.5263,425.3132
428.2834,403.7639,405.0217,400.2095,405.3602
409.7313,383.4384,386.3547,383.5418,384.7146
389.1302,362.4381,366.9723,365.9736,363.7633
367.22,340.9397,347.0099,347.3275,342.963
345.4825,319.8299,326.8948,328.903,321.853
323.5274,298.699,306.4348,310.2873,300.8332
301.9081,277.5839,285.7879,291.1077,280.1337
280.7618,256.6579,265.241,271.2068,259.195
260.2481,236.0257,245.3243,251.7982,239.2975
240.6524,216.348,225.1676,232.9727,219.7705
221.0284,197.4016,206.1337,214.6628,200.4884
202.3971,179.2219,188.5835,196.6867,181.497
184.5729,161.9133,172.2682,179.6258,163.7812
167.3566,145.7309,155.4258,163.2839,147.1846
151.3098,130.797,139.9715,147.6379,132.142
136.5109,116.9357,125.8662,132.8236,118.7394
123.0031,104.4156,112.9871,119.6858,106.3511
110.6131,93.62405,101.1542,107.8076,95.31042
98.97472,84.05557,90.99023,96.8364,85.37424
88.75327,75.7088,81.70612,86.72912,76.56757
79.67609,68.18252,73.35491,77.46984,68.92577
71.93848,61.47663,66.01017,69.38564,62.75373
65.4119,55.79242,59.81953,62.26155,57.05569
59.40752,51.24633,54.24447,55.99689,51.96858
54.28436,47.57121,49.26184,50.5235,47.58845
49.71131,44.24571,44.89836,45.86121,44.05521
45.65821,41.15345,41.15576,41.96009,40.42482
42.12764,38.46274,38.0605,38.55184,37.56559
39.36042,36.35577,35.53836,35.57925,35.31409
36.99423,34.82116,33.38273,33.00096,33.30104
34.91242,33.50745,31.54401,30.97523,31.40897
33.06931,32.2973,30.03964,29.20624,29.87262
31.43818,31.28148,28.65069,27.71614,28.78363
30.40983,30.29177,27.38083,26.47691,28.06055
29.50054,29.33991,26.27658,25.38693,27.3674
28.58592,28.46972,25.2906,24.45436,26.84638
27.59379,27.7535,24.21858,23.58405,26.36573
26.54097,27.30575,23.23227,22.75506,25.92495
25.58954,26.59846,22.37066,21.95778,25.51911
24.63617,25.95673,21.61858,21.24378,24.99911
23.76644,25.39796,20.95366,20.65491,25.02787
23.0889,24.90414,20.36549,19.99458,25.21201
22.41522,24.41755,19.75131,19.26696,25.52728
21.93247,23.79992,19.1573,18.63569,26.22136
21.47784,23.34313,18.53137,18.12986,27.2034
21.00243,22.71336,17.8083,17.61329,28.50057
20.5442,21.77533,17.07043,17.04821,30.10679
19.72307,20.75673,16.39863,16.4346,32.0117
19.05901,19.89641,15.75888,15.94059,34.29165
18.46298,19.28049,15.10378,15.25132,36.83154
17.8334,18.68576,14.36906,14.54624,39.69714
17.12766,18.02441,13.90592,13.89267,42.8081
16.48068,17.53795,13.50994,13.3243,45.97159
15.87895,17.04904,13.12079,12.8179,49.3665
15.26552,16.51272,12.71405,12.30634,52.86176
14.57403,15.96086,12.31747,11.87982,56.47139
14.187,15.45157,12.01512,11.57731,60.23648
13.82645,15.10503,11.67212,11.28702,64.34039
13.49319,14.51616,11.31954,11.02443,68.61707
13.19232,14.03129,10.99238,10.76624,73.13958
12.93911,13.7099,10.69308,10.52471,77.94648
12.84312,13.55672,10.34622,10.32163,83.06119
12.67708,13.54033,9.99943,9.869603,89.00703
12.4011,13.36795,9.766825,9.619232,95.68429
12.03028,13.18283,9.745982,9.403409,103.1418
11.78665,13.01961,9.630363,9.131506,111.417
11.5776,12.9042,9.48626,8.830194,120.6483
11.33291,12.90299,9.391054,8.476834,131.147
11.17165,12.95569,9.343303,8.178296,142.7632
11.32261,13.01143,9.291264,7.989127,155.8777
11.53405,13.09831,9.324124,7.952909,170.8889
11.66238,13.23391,9.488236,8.101228,187.181
11.76485,13.31128,9.659447,8.259672,204.7163
11.88985,13.58614,9.767852,8.405532,222.8744
12.08852,13.87425,9.810781,8.541011,241.2964
12.19991,14.11602,9.885723,8.705913,259.7883
12.34151,14.28897,10.01216,8.933629,277.6553
12.54477,14.41396,10.14748,9.143724,294.853
12.81487,14.69762,10.25054,9.330195,309.6822
13.0441,15.20234,10.29737,9.492733,320.3867
13.38577,15.74827,10.46381,9.576324,325.9334
13.87621,16.13449,10.67068,9.817286,327.0015
14.4541,16.68959,11.04433,10.11794,323.8904
14.96498,17.41178,11.72898,10.50663,316.4214
15.5551,18.10955,12.50813,11.14502,303.893
16.02439,18.8643,13.26955,11.8465,286.8768
16.53805,19.83261,14.04859,12.46576,266.8499
17.16907,20.87143,14.82305,13.04571,244.545
17.70855,22.01355,15.53186,13.62423,220.7483
18.5397,23.30331,16.11343,14.10833,196.373
19.44824,24.72992,16.88345,14.80171,172.945
20.37913,26.25956,17.65164,15.59814,149.811
21.31609,28.03062,18.37728,16.42665,127.4236
22.42246,29.67389,19.25426,17.20601,107.0565
23.58692,31.42941,20.17419,18.10794,90.0625
24.84293,33.39781,21.29193,19.09471,75.49216
26.20454,35.5922,22.63057,20.30539,63.3993
27.67232,37.81561,24.15042,21.79709,53.82658
29.12213,40.17656,25.64374,23.34257,47.31708
30.68031,42.6357,27.25545,24.89871,43.10254
32.28941,45.20977,28.98564,26.65633,40.19515
33.93895,47.94665,30.77775,28.6482,38.44343
35.91272,50.68675,32.5981,30.84196,37.89645
37.92018,53.5985,34.95177,33.1587,38.55882
39.95189,56.6511,37.43039,35.6877,40.12046
42.05592,59.77302,40.10702,38.39615,42.32088
44.30278,62.85136,43.04547,41.23643,45.09061
46.68516,65.85004,46.30256,44.119,48.96603
49.2277,69.1048,49.89369,47.45451,53.28687
51.90834,72.58075,53.7999,51.06106,58.45363
54.72654,76.24822,57.94055,54.93768,64.6539
57.72512,80.08395,62.30069,59.11796,72.01559
60.71067,84.06744,66.99077,63.89564,81.53923
63.90252,88.0814,72.07468,69.20912,93.40691
67.31429,92.15579,77.35452,74.79073,107.7413
70.90503,96.45567,82.9531,80.47687,124.7921
74.48425,101.3462,88.9205,86.19071,145.3914
78.04536,106.2978,94.99537,92.32941,170.537
81.80563,111.4157,101.3281,98.73941,200.7771
85.75602,116.5469,107.7494,105.3363,235.8193
89.75974,121.763,114.2193,112.055,275.0229
93.90789,127.532,120.7215,119.2159,319.0122
98.33684,133.461,127.2316,126.0294,365.0501
102.6843,139.355,133.7701,132.8691,410.0713
106.8468,145.2917,140.1599,139.9255,451.7886
111.2848,151.3015,146.2627,147.3001,487.3688
115.997,157.2987,151.9513,154.4227,510.8919
120.6652,163.7642,157.3856,161.3649,519.2945
125.2381,170.4418,162.8041,167.9337,513.0229
129.7371,177.2168,167.7063,174.0047,493.2372
134.4773,183.9394,172.0731,180.0455,457.3671
139.0815,190.33,176.6326,186.1045,411.8975
143.8044,196.5984,180.689,192.1251,360.377
148.5315,202.9872,184.9413,197.9166,305.7411
152.8189,209.259,189.3539,203.1059,251.9865
156.9416,215.1665,193.7984,207.6182,203.8094
160.6031,220.5192,198.0165,212.4182,161.8783
164.207,225.2193,202.0728,217.1924,127.058
167.995,229.932,205.869,221.5251,99.75806
171.6576,234.6418,209.4687,224.5354,80.4569
174.6251,239.2485,212.9453,227.016,65.11658
177.3534,243.6626,215.8101,229.0701,54.43371
180.0557,248.1273,217.2495,230.9331,47.89271
182.8519,252.3479,218.485,232.9883,44.04123
184.5135,256.5605,219.9202,235.0283,41.60752
186.4036,261.0316,221.5374,236.6057,39.98227
188.2976,265.743,222.4122,238.0392,39.15368
189.9534,270.3444,223.1212,239.5558,39.03318
190.9901,274.2898,223.876,241.1659,39.35325
192.608,277.6402,224.7768,242.6902,40.25626
194.4211,280.6136,225.7764,243.9758,42.10897
196.0485,283.3499,226.2685,244.9315,45.07835
197.2879,284.7265,227.1421,245.4932,49.24438
198.7485,286.7325,227.8687,246.038,55.16898
199.3559,288.5874,228.0117,246.6596,62.77591
199.687,289.0717,227.8312,247.0472,72.2513
199.6941,289.4841,227.8702,247.1332,84.37597
199.1215,290.5139,228.0178,247.2967,101.9778
198.8713,291.4616,227.9058,247.7769,124.9125
199.4652,292.4826,227.2237,247.8599,153.9487
199.9298,293.9366,227.2222,247.5938,189.7865
200.1425,295.3101,227.6861,247.2005,232.8464
201.4143,296.4275,227.8505,247.0367,284.9292
203.3485,297.2752,227.5477,246.9481,342.8317
204.2252,297.9015,226.9603,247.1253,402.114
204.8025,298.4478,227.33,247.511,459.0435
205.8773,299.7473,226.7436,247.681,508.3973
205.9434,299.9995,225.8092,247.7324,543.1593
205.9214,300.4861,224.9218,247.4921,561.708
205.7326,301.3764,224.2238,247.0425,563.2094
205.448,302.2253,223.0751,246.445,547.4766
205.2493,301.8004,222.2465,245.0832,509.8496
205.7417,301.4654,221.8041,242.9945,459.0526
205.8024,301.4399,221.6501,241.1774,400.7479
205.5127,301.4418,221.3215,239.9308,338.6713
205.0677,300.8536,220.8052,239.1041,276.9584
204.9679,299.3898,220.2013,238.3892,222.7078
203.4299,298.519,219.6834,238.1222,175.3504
202.5261,298.2715,219.3654,238.4093,135.6064
202.1338,298.8198,218.344,239.0879,104.019
201.7742,300.4243,217.4637,238.4997,82.62691
202.256,302.0957,216.9184,237.9919,67.26698
202.6116,303.0432,216.4612,236.9774,55.98577
202.7915,303.513,215.5246,235.3836,48.26588
202.689,303.8215,214.579,233.4162,44.02375
202.1084,304.3755,214.0374,232.5284,41.22791
201.2387,304.5564,213.1255,231.5488,39.20443
200.3361,303.9646,211.7616,230.6053,37.70544
199.5768,302.4706,210.9534,229.7703,36.55579
198.962,300.473,209.6089,228.8084,35.83867
197.8558,299.0266,208.6313,227.6739,35.12118
197.5225,298.5735,207.8144,226.9864,34.5213
197.191,298.2294,206.941,226.1332,34.09431
197.1112,298.1667,206.1111,223.9509,33.8778
197.7704,298.1079,205.4192,222.8793,34.39893
197.7251,297.032,204.8118,221.6803,34.74437
197.3565,297.4555,204.256,220.3252,35.18369
196.8074,298.2123,203.6957,218.9179,36.09668
196.1383,298.5058,202.8006,217.9538,38.43296
195.3268,298.1428,201.7437,217.2315,42.22529
195.4832,297.9483,200.6218,216.3056,48.26765
195.2331,297.1218,199.5186,215.1641,57.09853
194.692,295.5163,198.5262,213.9035,69.15376
194.1266,294.1081,197.4719,212.6169,86.22124
193.9361,293.2322,196.2167,211.8294,109.7517
193.1702,291.6559,195.0972,210.9364,139.0763
192.5069,290.6992,194.137,209.8593,174.6682
191.9696,290.2795,192.8599,209.3184,219.5415
191.3082,290.06,191.6721,208.3126,273.5222
190.2948,289.6477,190.6362,207.0524,331.4773
189.2845,288.5211,189.6542,205.8757,391.4534
188.3963,287.2659,188.7484,205.0672,451.1505
187.7636,286.0139,188.5202,203.7837,500.6422
187.6345,284.4887,187.9081,202.0836,534.9547
187.6367,282.5928,187.6528,200.4667,551.9545
187.6012,280.9669,187.6799,199.0604,550.418
187.5915,280.0446,187.6025,197.6797,529.2805
187.6509,279.256,185.9092,196.8697,488.2244
187.3402,278.1902,184.5597,195.908,435.0845
186.9702,276.9027,182.8291,194.985,374.7924
186.5011,277.353,180.7456,194.2814,312.3814
185.7749,276.1211,178.8158,193.378,253.7149
184.5166,274.1643,177.542,192.786,202.3905
183.6061,272.3356,176.5143,192.1515,159.5849
183.2295,271.1537,175.6116,191.126,125.3312
182.7918,269.3875,174.7993,189.2163,98.65674
182.0041,268.5366,174.187,187.7043,79.52927
181.3489,268.8476,173.6927,186.2083,64.82221
180.6868,269.6069,173.3656,184.6707,54.40426
179.75,270.0089,172.5536,183.1298,47.83179
178.638,270.6249,171.0233,182.0347,43.53617
177.557,268.8991,170.3245,180.7057,40.51097
176.8798,268.3693,169.368,179.3754,38.19901
176.0421,268.2249,168.5914,178.0256,36.42044
175.0729,266.5411,167.9885,176.5291,35.0687
174.1411,263.976,167.4115,175.3283,33.96288
173.6215,262.3625,166.4345,174.1551,33.03479
173.2667,260.343,165.5694,172.9868,32.13986
172.7868,258.2111,164.4398,171.8599,31.21349
172.1597,256.8449,163.0857,171.0159,30.40386
171.4566,256.2537,161.8183,170.3284,29.44238
171.0856,255.603,160.731,169.429,28.46083
169.7483,254.8061,159.5814,168.3803,27.45333
168.8187,253.769,158.3308,167.3764,26.38395
168.3394,252.4736,157.0065,166.3608,25.51381
167.9193,252.1868,155.7455,165.1689,24.61572
167.2092,250.4056,154.8078,163.6039,23.85799
166.7184,248.5859,153.667,161.7425,23.28363
166.3263,247.2376,152.3788,160.223,22.73211
165.9428,246.3392,151.1223,158.9874,22.6423
165.4795,245.6621,150.4061,157.7628,22.43153
165.0531,244.9694,149.3266,156.6442,22.17412
163.9424,244.5215,148.4442,155.7806,22.03393
162.6151,244.1503,147.7109,155.1243,21.62115
161.5246,243.3638,146.919,154.3124,21.53613
160.2975,241.7683,145.8493,153.276,21.57637
159.4633,240.4361,144.6863,152.0604,21.72514
158.5,238.9036,143.5897,150.8795,22.19053
157.3888,236.9584,142.53,149.4359,22.99112
156.3444,234.6038,141.3558,147.9396,24.77574
155.2505,232.7251,140.214,146.5258,27.56775
154.1168,231.58,138.9104,145.2873,31.45138
153.1445,230.6936,137.7053,144.0155,38.31055
152.3654,229.7384,136.5916,142.546,48.73106
151.4774,228.5338,135.1236,141.1992,62.68096
150.3059,227.4937,133.7648,139.9584,81.48483
149.5639,225.9871,132.2791,138.5275,108.1469
148.9809,224.3289,130.8469,137.0849,145.5272
148.1693,222.8485,129.5735,135.3699,193.4548
147.2708,221.9062,128.1519,133.4973,251.5146
146.2966,220.7942,126.9322,131.6088,318.4933
145.1858,219.5692,125.667,129.8996,391.5007
143.9954,218.3652,124.5204,128.6252,460.6634
142.888,217.3026,123.6977,127.4486,520.5109
142.0259,216.4962,122.6557,126.2775,566.2666
141.3525,214.9136,121.6558,125.1096,592.4102
140.4187,213.2988,120.5029,123.8604,587.1628
139.0871,211.7709,119.2714,122.684,560.1037
138.1312,210.2011,118.2175,121.5356,514.7764
137.3095,207.9959,116.6687,120.385,454.8922
135.9696,206.4379,115.261,119.2559,383.5629
134.397,205.1673,113.77,117.7737,313.302
133.1074,203.897,112.1014,116.1216,248.829
132.0208,202.4697,110.3377,114.4379,192.6564
130.6738,201.0237,108.6769,112.8794,146.635
129.4562,199.2913,107.2346,111.6582,113.8438
128.4264,197.2654,105.9747,110.0725,89.86886
127.3221,195.2092,104.8242,108.4359,72.19321
126.2736,193.207,103.6377,106.9113,59.15451
125.06,190.666,102.4684,105.41,50.80176
123.8838,188.6371,101.4977,104.1244,46.21964
122.8945,186.4847,100.5087,102.9365,43.03424
121.9344,184.5349,99.22982,101.7564,40.76098
120.6694,183.045,98.06083,100.4787,39.17663
119.3663,181.5229,96.76245,98.77894,37.81562
118.0866,179.7828,95.27656,97.19778,36.59684
116.8251,178.2517,93.68558,95.68606,35.52846
115.2632,176.6582,92.17897,94.24859,34.56657
113.7523,174.7584,90.71328,92.97822,33.56522
112.33,173.0601,89.25898,91.36906,32.58219
110.9576,170.9294,87.76156,89.83955,31.60153
109.4598,168.5984,86.23246,88.40078,30.81662
108.2481,166.2242,84.79281,87.00137,30.37656
106.9132,163.9291,83.4439,85.51682,29.62065
105.6653,161.6789,82.12859,83.98973,29.08363
104.7029,159.924,80.92925,82.52442,28.84069
103.7089,157.7592,79.88185,81.05978,28.93019
102.4876,155.2519,78.8234,79.34084,29.3757
101.3265,152.7769,77.63959,77.94202,30.04213
100.2554,150.7909,76.39006,76.61457,31.72604
99.17735,148.9002,75.16754,75.27709,34.49488
97.68401,147.0127,74.03445,73.88675,38.5386
96.32601,144.9957,72.53063,72.56914,45.85416
94.84962,142.7821,71.08205,71.22811,58.1701
93.21885,141.1709,69.77389,69.90066,78.2789
91.89912,139.2104,68.53339,68.57778,107.5505
90.57038,137.5581,67.17426,67.21834,146.7493
89.40879,136.2241,66.03701,66.17739,205.4272
88.30927,134.8857,65.25549,65.12141,277.8132
87.13821,132.7047,64.32076,63.88117,359.426
86.09895,130.5192,63.03281,62.43359,444.9807
84.9612,128.5753,61.62372,61.31703,524.4942
83.84277,126.6998,60.46154,60.12106,584.9993
82.72375,124.5006,59.24776,58.84082,621.2765
81.47023,122.1245,57.95204,57.53092,630.8278
80.2774,119.9912,56.62939,56.28537,613.157
79.04595,117.8827,55.59309,55.14228,560.5511
77.78684,115.7655,54.68428,53.90855,490.9987
76.52934,113.7185,53.71671,52.72546,410.039
75.36247,111.5495,52.76305,51.69505,324.2443
74.0633,109.7463,51.94739,50.88293,245.7671
72.75983,108.1077,51.21153,49.85745,182.9118
71.49091,106.576,50.10993,48.73236,133.4744
70.27831,105.2016,48.97434,47.60227,96.83017
69.20251,103.8875,47.92693,46.56907,71.84016
68.15363,102.1406,46.98383,45.58168,57.18366
67.14203,100.5708,45.85925,44.5405,46.82892
66.16212,99.2075,44.92168,43.46753,40.49387
65.18754,97.48817,44.02396,42.4008,37.45595
64.10197,95.5797,43.09528,41.43253,35.97806
62.90312,93.7093,42.17143,40.45319,34.83923
61.70007,91.81677,41.17742,39.57791,33.96918
60.57391,89.92334,40.27458,38.77138,33.22569
59.44255,88.15983,39.47011,37.97226,32.46047
58.44119,86.5237,38.75171,37.18343,31.88599
57.42702,84.79766,38.10269,36.38128,31.32994
56.39371,83.08896,37.45604,35.54867,30.40393
55.38265,81.46143,36.79805,34.68532,29.18364
54.18013,79.90628,36.12935,33.80981,28.32383
53.14667,79.00096,35.45961,32.95139,27.30761
52.26202,77.76247,34.85721,32.12551,26.19472
51.44047,76.44475,34.12616,31.37632,25.12594
50.4463,75.21496,33.36635,30.73877,24.22926
49.60542,73.97383,32.58752,30.18596,23.49148
48.92643,73.18973,31.74819,29.6296,22.43105
48.34941,71.78231,31.04271,29.01154,21.39918
47.80298,70.23349,30.41564,28.35494,20.59232
47.24003,68.86575,29.8203,27.7552,20.18432
46.58854,67.38575,29.26553,27.13297,19.4394
45.81865,66.06705,28.85828,26.56653,18.81585
44.98062,64.70615,28.23059,26.00735,18.54416
44.18855,63.51228,27.6085,25.42243,18.67666
43.46403,62.53888,27.08811,24.88068,18.5101
42.703,61.29303,26.70819,24.39454,18.5932
41.93945,60.34626,26.35365,23.97227,18.61463
41.23363,59.50149,25.90822,23.58314,18.60973
40.74316,58.58603,25.40399,23.16612,18.78867
40.20105,57.44588,24.87318,22.72351,18.50994
39.68765,55.94493,24.34791,22.20182,18.40249
39.10948,54.84588,23.80804,21.69852,18.45124
38.35658,53.8393,23.46495,21.27048,18.59589
37.57462,52.80051,23.15517,20.86974,18.64757
36.73677,51.7396,22.77967,20.50161,19.08235
36.09424,51.15007,22.26162,20.14492,19.51709
35.60775,50.24423,21.82821,19.76238,19.86372
34.9705,49.1188,21.47834,19.30963,20.11732
34.52778,48.05014,21.1793,19.01886,20.84955
34.09359,47.26586,20.8643,18.66556,21.46465
33.67447,46.49601,20.39191,18.28299,22.2534
33.27515,45.55407,19.8938,17.90645,23.36355
32.86497,44.73276,19.36791,17.59798,24.75463
32.32264,44.08542,18.92291,17.23298,26.96902
31.63948,43.58537,18.62531,16.9936,30.12954
30.94525,43.13902,18.37045,16.76862,34.71569
30.42072,42.81324,18.16435,16.39719,41.44872
30.02133,42.65039,17.97064,16.12238,55.33027
29.79695,42.35363,17.76585,15.78588,78.02508
29.50857,41.58272,17.54197,15.46033,112.7496
29.14454,40.70275,17.45182,15.16812,161.0806
28.98015,40.1576,17.3141,14.87707,223.8018
28.64202,39.56254,17.11925,14.57809,303.0687
28.29092,38.89909,16.87883,14.26163,388.5649
27.95614,38.28157,16.622,14.01447,473.0567
27.61669,37.62796,16.57879,13.9028,548.6673
27.01594,37.12075,16.49594,13.6648,597.4374
26.56457,36.6538,16.33325,13.46049,615.812
26.15019,36.21906,16.09786,13.24258,605.1957
25.75623,35.84732,15.87084,13.02937,566.8094
25.40015,35.4431,15.6177,12.90732,502.6581
25.00591,35.00608,15.28895,12.6745,419.0978
24.60151,34.55279,14.92601,12.53645,333.2451
24.21389,34.09133,14.56483,12.36777,250.5878
23.88226,33.61902,14.18919,12.08429,176.3609
23.69329,32.92302,13.92967,11.96953,122.8806
23.49211,32.36364,13.74248,11.81523,87.16513
23.3325,31.72174,13.64639,11.68742,63.37386
23.10008,30.99068,13.64599,11.5495,48.61755
22.71058,30.32392,13.45067,11.29258,40.13748
22.55159,29.77924,13.35219,11.04503,37.05803
22.25276,29.34059,13.26065,10.91299,35.27403
21.97357,28.90867,13.16129,10.85369,34.26946
21.74078,28.44119,13.08195,10.81797,33.61629
21.50523,27.94634,12.79685,10.73415,32.72703
21.43154,27.68178,12.62565,10.73065,31.8765
21.11542,27.35065,12.52346,10.66234,31.12365
20.80721,27.16439,12.4429,10.56887,30.38464
20.64078,27.10079,12.32265,10.56611,29.50414
20.44423,26.8624,12.22738,10.39907,28.6654
20.09573,26.40824,12.06067,10.25288,27.86329
19.72825,25.95127,11.92113,10.10853,27.08165
19.35647,25.60547,11.87892,9.965278,26.28765
18.97594,25.42608,11.84772,9.871058,25.38433
18.64094,25.39996,11.7222,9.787709,24.65057
18.44253,24.88145,11.61392,9.719708,24.00183
18.26371,24.42206,11.51213,9.644944,23.45444
18.11785,24.15437,11.38585,9.537656,23.04614
18.14783,24.05761,11.32802,9.533574,22.87544
17.92424,23.88045,11.29477,9.431913,22.96908
17.88756,24.00338,11.22078,9.337552,23.18298
17.9121,23.97631,11.10383,9.27632,23.5269
17.87187,23.79717,10.98157,9.159952,24.2836
17.72887,23.5135,10.8986,9.135549,25.25076
17.60947,23.20982,10.88705,9.170799,26.42698
17.46636,22.94557,10.84797,9.238143,27.77225
17.29927,22.76881,10.74123,9.30549,29.27802
17.12368,22.44333,10.60847,9.31679,31.62307
16.94177,21.91763,10.60526,9.375477,34.778
16.76973,21.68015,10.52001,9.419423,39.41025
16.76313,21.50573,10.40271,9.437728,46.8855
16.89485,21.38891,10.31589,9.467606,60.14503
16.8686,21.39581,10.29453,9.341798,82.98757
16.79128,21.51838,10.22751,9.237831,116.8274
16.75759,21.49332,10.2219,9.154153,162.9063
16.77641,21.34855,10.27042,9.065512,222.1286
16.81343,21.2953,10.33173,8.880182,298.8162
16.61337,21.20943,10.33391,8.797953,381.1364
16.53221,21.00933,10.35575,8.707421,459.7057
16.29658,20.98961,10.39618,8.596084,527.605
15.98118,20.84805,10.44065,8.513472,576.6704
15.84222,20.91037,10.46333,8.502499,592.6003
15.87175,20.95752,10.38738,8.524175,581.113
16.05615,20.77499,10.37228,8.597002,544.5192
16.14789,20.712,10.40079,8.726778,486.0204
16.07422,20.54356,10.4717,8.862576,408.3343
16.09482,20.33684,10.61415,8.990178,326.451
16.15907,20.18215,10.65658,9.179795,249.0388
16.13023,20.15031,10.70243,9.389166,181.5846
15.96231,20.15203,10.83664,9.513587,129.3567
15.67177,20.00114,11.07964,9.627675,95.19321
15.71726,20.00094,11.22008,9.669821,71.46447
15.64608,20.09369,11.31309,9.661909,55.9219
15.65148,20.14903,11.34072,9.630027,46.6165
15.73939,20.39927,11.33428,9.619007,42.67534
15.78507,20.36048,11.34486,9.664315,40.77062
15.9397,20.35509,11.46323,9.680952,39.48239
16.05492,20.36992,11.49244,9.703344,38.58598
16.0994,20.27745,11.52497,9.80079,38.10643
16.06975,20.06405,11.57402,9.826806,37.44533
16.02509,20.24475,11.60689,9.894289,36.94813
15.91038,20.37279,11.57295,9.996737,36.59937
15.88923,20.37519,11.65982,10.12656,36.37094
16.07482,20.35637,11.79084,10.27188,36.20304
16.53353,20.54518,11.91969,10.52223,36.2823
16.69571,20.62654,12.03891,10.77294,36.20414
16.78295,20.70729,12.09955,11.01228,36.00615
16.87145,20.82666,12.32578,11.2463,35.84453
16.98238,20.98906,12.62991,11.51677,36.42871
17.08872,21.22369,12.90063,11.78228,37.90487
17.18182,21.48458,13.02235,12.07799,41.15582
17.19905,21.61809,13.48767,12.41031,46.81778
17.23067,21.75021,13.9548,12.75362,55.67208
17.33467,22.18867,14.36575,12.97979,71.20973
17.3972,22.18045,14.72635,13.28965,94.51883
17.68361,22.46136,15.0019,13.63073,127.7862
18.05648,22.59911,15.34663,13.93786,172.9979
18.43565,22.528,15.66866,14.30697,234.6483
18.75094,22.49243,15.89495,14.53208,307.0803
19.21157,22.44243,15.95415,14.71841,382.6418
19.57935,22.64033,16.31852,14.93149,455.4014
19.95049,22.9514,16.54152,15.23831,517.7685
20.34435,23.29419,16.71128,15.66366,553.2609
20.66814,23.63994,16.92964,16.0878,565.5267
20.94255,24.13576,17.35075,16.54472,553.616
21.15351,24.76606,17.83369,17.05643,517.6726
21.32461,25.3058,18.35541,17.54016,457.429
21.49123,25.74183,18.83232,17.99676,384.4964
21.73382,26.34247,19.2292,18.42163,309.6088
21.95851,26.7432,19.7103,18.85865,238.7331
22.23491,27.1587,20.3095,19.39281,177.4208
22.59567,27.54334,20.9154,19.9016,134.4276
23.05895,27.95235,21.5782,20.49592,102.7075
23.40113,28.6278,22.3609,21.23978,80.45122
23.9683,28.92208,23.0152,22.16753,65.6654
24.65452,29.27308,23.8537,23.26369,56.07848
25.39388,29.78234,24.9268,24.41238,51.77343
26.20721,30.46188,26.20104,25.64738,49.54901
27.19937,31.19824,27.57476,26.99351,48.44574
28.37707,31.90335,28.77301,28.46996,47.94818
29.70235,32.9343,30.21546,29.90706,47.30589
31.10425,34.22711,31.63067,31.51762,47.12381
32.34365,35.64608,32.90076,32.96688,47.25273
33.44212,36.97094,34.12089,34.15036,47.54793
34.45,38.38989,35.4818,35.43262,47.8171
35.4453,40.03761,36.81281,36.73674,48.40253
36.55822,41.21581,38.30246,38.19281,49.20358
38.24063,41.78463,40.27177,39.82475,49.99387
40.88288,43.5029,43.61753,41.70338,50.5944
44.59755,46.23973,49.37407,45.84188,53.44834
50.07254,52.53395,58.96518,55.59611,60.75243
60.6956,64.2198,75.59702,73.24346,75.57258
83.87351,83.26291,103.2741,101.5498,101.2193
121.2436,114.1911,153.0993,146.3627,144.0674
175.0649,167.2394,225.3043,219.2502,207.1544
247.4975,241.5099,321.088,316.5799,292.8615
351.6418,339.6058,439.4998,437.535,401.6028
476.0818,462.1944,576.8655,579.0366,531.5713
611.7764,605.4136,716.3009,722.7612,673.0115
748.9878,747.2004,840.9369,848.7963,802.4379
872.6232,868.0345,937.4144,944.146,907.1402
954.4804,955.0992,994.7554,998.791,976.996
990.923,998.087,999.6722,999.929,998.649
979.2429,980.5222,942.223,937.5919,960.3649
919.9784,907.2826,846.7332,835.5669,883.6218
814.5897,796.1586,723.4593,704.4047,775.7676
681.7551,659.7385,583.393,555.9435,644.9616
539.8055,511.9135,441.338,410.554,502.7083
401.2004,370.5598,319.8494,287.4804,376.1232
278.6271,257.3378,221.744,190.903,270.9134
189.2723,172.2346,147.4785,120.9619,189.3395
126.4497,113.9076,95.74863,74.41445,131.688
85.19836,78.4616,69.42294,53.51077,98.03047
60.94446,59.04557,53.5286,41.81417,75.61917
49.19612,48.27021,43.68229,35.48371,60.49654
42.63994,41.33912,37.53598,31.61001,49.66022
37.12055,36.40612,33.28676,29.03286,43.10425
32.8932,32.6427,30.80461,26.85483,39.26031
30.44702,30.15405,28.57771,24.91802,36.3351
28.51001,27.92272,26.55913,23.08266,33.85466
26.40273,25.83831,24.66887,21.17082,31.70666
24.42806,23.88541,22.76384,19.39367,29.39777
22.67653,22.09288,21.24818,17.90175,27.57723
21.1359,20.57748,19.85487,16.5335,25.95979
19.97485,19.27766,18.49807,15.24149,24.35643
18.91003,18.04683,17.15743,14.31164,22.78442
17.94502,16.9487,16.02681,13.45733,21.57103
17.07648,16.16543,15.11431,12.7778,20.43943
16.28721,15.36912,14.3714,12.21239,19.34466
15.58471,14.49315,13.71676,11.64873,18.29938
14.90644,13.70968,13.06906,11.23943,17.65457
14.22106,13.03319,12.58623,10.86086,17.15006
13.4874,12.35423,12.18904,10.43053,16.64274
12.47789,11.67875,11.81689,9.960115,16.09226
11.60721,11.16192,11.46557,9.641749,15.62136
10.79931,10.77459,11.16282,9.264441,15.57054
10.05485,10.44442,10.71739,8.860415,15.32417
9.439361,10.05173,10.22463,8.466826,14.86811
8.933346,9.582128,9.801331,8.112652,14.29838
8.593082,9.138613,9.465908,7.64461,13.74641
8.316131,8.543513,9.085793,7.283185,12.97536
8.047565,7.832917,8.782628,6.981247,12.14394
7.935015,7.306462,8.46289,6.729804,11.41409
7.709862,7.029603,8.230987,6.560493,11.05309
7.46733,6.67277,8.149435,6.366381,10.79114
7.211265,6.298216,8.081166,6.194964,10.77123
6.923015,5.961669,7.943121,6.043318,10.72566
6.630855,5.701093,7.726797,5.894845,10.41529
6.197015,5.687202,7.472992,5.659872,10.19163
5.813614,5.597701,7.242801,5.440892,9.801761
5.54151,5.411648,7.131787,5.221536,9.468528
5.303981,5.1476,6.909902,4.988067,9.188732
5.294196,4.866404,6.548286,4.722175,8.785322
5.255207,4.498033,6.140521,4.410442,8.266977
5.243938,4.277097,5.875377,4.142214,8.000043
5.298954,4.177134,5.669236,3.880904,7.893892
5.214759,4.141636,5.405482,3.606858,7.860259
5.100509,4.091129,5.115629,3.422726,7.96218
4.932633,3.975054,4.804566,3.27635,8.231648
4.666678,3.801191,4.432199,3.15411,8.240335
4.24748,3.683742,4.149052,3.042215,8.025645
3.86735,3.667387,3.882745,2.921483,7.872142
3.540242,3.587791,3.621032,2.718085,7.756765
3.311208,3.412593,3.363581,2.605646,7.523404
3.179682,3.289014,3.140067,2.517936,7.173881
3.065604,3.18532,2.90147,2.398753,6.738645
3.108184,3.078144,2.880837,2.208916,6.334759
3.044852,3.052895,2.953012,2.010521,6.181745
2.942722,2.970151,2.904564,1.832654,5.918482
2.906297,2.869063,2.680729,1.70868,5.613019
2.94422,2.779314,2.548238,1.67449,5.477548
2.794381,2.699183,2.421593,1.563987,5.402272
2.491054,2.495926,2.316167,1.506292,5.362628
2.145304,2.15724,2.309971,1.488131,5.305538
1.955459,1.981296,2.300573,1.44929,5.249209
1.915779,1.845807,2.238752,1.184448,5.384449
1.979458,1.613642,2.159066,1.137826,5.054828
2.076948,1.543145,2.097161,1.0593,4.780292
2.175169,1.438778,2.100904,0.9614614,4.581203
2.337097,1.425323,1.968282,0.9037274,4.384148
2.305044,1.406714,1.715797,0.7896541,4.247079
2.407321,1.270155,1.461553,0.814567,4.075806
2.596092,1.185007,1.285391,0.8600618,3.835275
2.731885,1.108776,1.097073,0.8445104,3.530793
2.618898,0.9516981,0.9987124,0.684168,3.226343
2.478793,0.6858769,0.9919078,0.6946063,3.014021
2.310739,0.3506006,1.017265,0.7296692,2.79237
2.145384,0.3737793,0.992775,0.6747858,2.581511
2.056691,0.2569107,0.8205911,0.4532726,2.401358
1.937585,0.1286861,0.6320698,0.3537787,2.104938
1.834324,0.03754254,0.5201023,0.1978156,1.957822
1.679506,0,0.4085686,0.09866723,1.913323
1.420379,0,0.1041923,0.06829221,1.964253
1.054474,0.09564734,0.05803399,0.0323975,2.134681
0.8169396,0.08203898,0.01925268,0.008023988,2.148479
0.5897347,0,0,0.04996169,2.063848
0.3581803,0.006950628,0.01434301,0.06818751,1.902024
0.1411723,0.1473533,0.08605804,0.002539458,1.702821
0.08499262,0.06440915,0.1101715,0.02850323,1.635702
0.05139604,0,0.05545702,0.01208432,1.850501
0.02362091,0.001825102,0,0,1.794685
0.02148147,0.007761926,0,0,1.466753
0.1281728,0.001405538,0,0,1.194266
0.1888255,0,0,0,1.021092
0.1761488,0.03652397,0,0,0.8902842
0.1022125,0.08775131,0,0,0.6997916
0,0.08825114,0,0,0.3923396
0,0.01694422,0,0,0.05269379
0,0,0.01722971,0.07600382,0.01968222
0,0.04262139,0.06208185,0.064626,0.1243813
0.004648703,0.08385897,0.1190009,0,0.3355464
0.02154277,0,0.1530023,0,0.6572742
