A1: Ladder,"B1: Library 1, with own oligos","C1: Library 2, with NXT oligos","D1: Library 3, without enrichment"
2.509517,0,0,0.3895025
2.156424,0,0,0.5769066
2.102603,0,0,0.6714925
1.886102,0,0,0.6798494
1.497403,0,0,0.4848902
1.47045,0,0.3347396,0.2603803
1.22729,0,0.7704933,0.3040063
1.137792,0,0.737501,0.4121795
1.731425,0.06604624,0.6526954,0.3241908
2.366899,0.3636354,0.5619492,0.1319041
2.464945,0.8285441,0.3045093,0.4262961
2.266436,0.9992839,0.3262789,0.7625411
2.58322,1.423243,0.4710253,1.131554
2.950101,1.591848,0.8484911,1.290449
2.92913,1.425428,1.313259,1.208167
2.532306,1.380561,1.216805,1.061767
2.687293,1.270303,0.7220032,0.8395477
2.968082,1.077907,0.4454147,0.8338046
2.768815,0.9169372,0.3285229,0.7544299
2.212486,0.891608,0.1495238,0.6147324
2.353564,0.9804235,0.2321001,0.5029499
1.932786,0.5268247,0.0197532,0.5597174
1.655284,0.03469792,0,0.6382636
1.275879,0.09488937,0,0.8053769
0.8370245,0.01358833,0.2025383,1.071633
0.4195502,0.06983035,0.4506313,0.9662756
0.01169767,0.03967509,0.4847637,0.9158443
0.1203189,0.09293906,0.4222075,1.092881
0.7060708,0.4559302,0.5462285,1.001137
1.237307,0.8445507,0.7228972,0.7490821
1.589674,1.130604,0.7764371,0.608887
1.902398,1.27573,0.8559869,0.4682518
2.328119,0.8100303,0.7291845,0.3003247
2.812739,0.5468308,0.5689645,0.2393803
3.030213,0.2200173,0.4198999,0.2834725
2.596968,0.2949809,0.405546,0.4349307
2.311386,0.4697061,0.219223,0.3566771
1.940653,0.2614946,0.0300603,0.3076723
1.698121,0.4352964,0.103389,0.2728164
1.703066,0.6611986,0.2103319,0.1670435
1.474804,0.6878349,0.3161994,0.0521833
1.536014,0.6491981,0.2349672,0.03972907
0.6428159,0.6296936,0.269251,0.1443443
0.1414095,0.4959477,0.4053461,0.2782702
0.1015893,0.2340927,0.4126922,0.4884864
0.2103583,0.06639284,0.3454749,0.6653095
0.209232,0.08795352,0.3012915,0.8132576
0.2131496,0.009307249,0.160106,0.8929176
0.5658109,0.05937532,0.03904695,1.057742
0.8680237,0.4093993,0.142145,1.217993
1.391267,0.3283629,0.2584983,1.366846
1.949024,0.1150991,0.3912894,1.515971
2.529367,0.02054005,0.5770494,1.519844
2.872931,0.03696327,0.5838121,1.523307
2.032071,0.1698427,0.7121598,1.450833
2.350814,0.3934777,0.7805775,1.43178
2.534857,0.6148193,0.77109,1.430091
2.515508,0.8670843,1.014008,1.321426
2.540829,1.296488,1.348998,1.235632
2.761987,1.845921,1.558519,1.358092
3.140921,2.281862,1.788271,1.645236
3.513197,2.09976,1.906413,1.823382
3.64937,1.778255,2.044227,1.881447
3.616296,1.597817,2.219247,2.134364
3.443815,1.463249,2.20783,2.360066
3.100874,1.372574,2.297878,2.696765
2.77394,1.400529,2.586686,2.939123
2.763301,1.440879,2.994251,3.166392
3.123765,1.727764,3.548285,3.381786
2.844162,2.087106,4.033836,3.628341
3.472152,3.052907,4.353122,4.158262
4.349149,3.737747,4.878739,4.898403
5.364212,4.282238,5.423609,5.714978
6.440219,4.884195,6.471038,6.694099
7.459159,5.857712,7.341384,8.170756
8.524826,7.075504,8.567928,10.05025
10.79316,8.756907,10.18355,12.66573
13.31348,11.26156,12.97287,16.06385
16.36427,14.50759,16.78627,19.91882
20.37807,18.46616,21.39894,24.1927
25.35586,23.57388,26.88156,29.78909
31.25462,29.78328,33.39236,36.50131
39.64123,36.70696,41.13073,44.92177
48.585,46.29726,50.33789,55.08273
59.63229,57.95758,61.735,67.09749
72.94078,71.31417,74.5881,81.20213
88.21571,87.24807,90.58465,98.08236
105.8164,106.1393,108.806,117.3657
126.6731,127.7623,129.8752,137.9002
150.3969,153.0538,154.2983,161.9295
177.4954,183.7955,182.5461,188.7953
207.5279,219.3947,214.6066,217.1552
240.9003,259.3584,249.5363,247.9668
277.6993,306.751,287.4175,282.4846
317.7582,358.6455,332.3976,320.3752
360.6629,414.4166,378.1973,361.183
405.5515,470.5663,428.4278,404.4897
453.43,525.8616,481.1122,449.4776
502.3752,581.9879,533.1271,494.8415
551.1575,639.0325,585.2489,534.2187
600.1552,696.441,637.1905,574.329
648.4941,752.4957,686.1733,613.2906
692.9969,802.9736,729.5427,648.0594
732.7413,847.9253,766.5433,678.8464
767.9158,889.617,796.1215,707.2226
795.1213,920.3464,821.2359,732.1797
814.4103,944.5202,832.6115,750.9761
826.0691,955.0649,838.2031,765.8123
830.1584,952.9082,834.2618,770.5461
826.7141,941.3172,822.6219,765.9705
816.7651,919.6842,804.1604,751.8057
799.2359,887.8516,778.9692,732.6504
777.3428,846.1407,747.3929,707.8065
749.4381,795.3091,709.7112,677.2686
716.3683,739.4094,666.6289,642.1403
680.4359,679.4078,620.9321,603.5614
642.9885,617.2938,574.9388,564.1393
601.548,558.8189,526.2175,521.1063
558.5399,501.9702,478.5638,478.6427
516.6815,448.111,432.3935,434.3075
474.9435,397.6977,389.4604,391.7183
433.9602,350.936,348.8179,352.261
394.6932,308.7971,310.3062,316.0695
356.1744,271.0988,275.559,282.3065
319.1748,237.3822,243.7095,250.3899
283.5986,207.5788,213.3198,222.2007
250.9914,179.8673,188.1827,196.3218
221.6181,156.7159,166.432,173.4653
195.177,137.9187,146.4257,152.5306
171.3089,123.989,129.4209,133.4518
150.0374,111.4573,115.5152,116.8095
132.0761,100.8591,104.0379,102.5921
117.3685,91.86575,94.35546,90.68257
104.276,84.57053,86.21409,81.00817
93.00923,78.46922,79.54116,72.59849
83.7914,73.12216,74.11557,65.69443
76.30054,68.57597,69.64346,60.07566
69.64296,64.80991,66.2589,55.6115
64.13757,61.96052,63.21317,51.83508
59.57686,59.1512,60.39857,48.53594
55.59195,57.05948,57.92317,45.61802
52.09837,54.31686,55.57996,42.92834
49.03706,52.04712,53.3561,40.30869
46.46814,50.03605,51.32072,37.85748
44.80514,48.01815,49.49279,35.95525
42.51133,45.86948,47.83511,33.68551
40.77592,43.70518,45.98019,31.70529
39.13747,41.65727,44.30523,30.00094
37.35865,39.81404,42.59326,28.50913
35.25761,38.19986,40.409,27.2073
32.86985,36.20853,38.09367,25.98769
30.88051,34.63643,35.91633,24.65295
28.6673,33.13629,33.70624,23.15765
26.72012,31.67347,31.70077,21.83404
25.23061,30.45338,30.08905,20.63207
24.0973,29.02096,28.62386,19.47315
23.20973,27.55537,27.38076,18.16581
22.53953,26.33618,26.14294,17.056
22.0131,25.22268,25.26197,16.19039
21.68251,24.1863,24.44309,15.4461
21.08369,23.44382,23.48035,14.76546
20.1467,22.68682,22.74436,14.05838
18.94755,22.34863,22.353,13.30364
17.80779,22.24066,22.06732,12.56378
17.15009,22.59892,21.8898,11.87983
16.96193,23.35742,21.94243,11.38895
16.98878,24.22358,22.14771,10.67551
17.67026,25.11531,22.89095,9.817931
18.62548,26.11593,23.52885,9.096066
19.60486,27.11549,24.09263,8.591871
20.73819,28.06368,24.96169,8.27037
22.37259,29.00653,25.74632,7.995417
24.09107,29.90501,26.59437,7.718971
26.06144,30.85871,27.71816,7.440646
28.73896,31.58575,28.94893,7.278997
32.01804,32.48546,29.85018,7.091921
35.9494,33.34985,30.34666,6.922911
40.62402,34.14128,30.98124,6.68352
46.09826,34.37254,31.61425,6.267816
52.74046,34.3818,31.99514,6.019747
61.02905,34.12889,31.98958,5.813781
69.44665,33.61248,31.97199,5.821612
79.18703,32.90763,31.47096,5.820335
89.87233,32.01523,30.88059,5.800488
101.3207,30.99305,30.21323,5.694789
114.855,29.72747,29.18925,5.574556
130.1845,28.48383,27.68207,5.436671
145.875,27.21432,25.88977,5.256641
163.2305,25.40912,24.26318,5.224066
183.6305,23.38453,22.58612,5.252872
206.3634,21.35985,21.4541,4.926751
230.8029,19.43502,19.97212,4.726228
258.1825,17.6305,18.66454,4.400955
286.5265,16.04144,17.43853,4.150658
317.3116,14.73246,16.41925,3.983646
348.813,13.60057,15.36784,3.895425
381.9665,12.53732,14.21116,3.969509
415.7693,11.59111,13.19695,4.16551
448.495,10.83142,12.19241,4.192103
479.6444,9.782617,11.23657,4.649577
505.2456,8.98071,10.24307,4.661879
526.9603,8.265912,9.483659,4.394277
541.2733,7.568193,8.941429,4.27297
549.5159,7.373539,8.667542,4.094623
550.6817,7.370105,8.274836,3.827688
542.8427,7.220278,7.988677,3.711413
527.0029,7.082985,7.901776,3.627523
502.6786,7.009316,7.833978,3.564286
471.8407,6.911006,7.764625,3.605646
436.4239,6.779344,7.617564,3.544233
397.2704,6.640426,7.293887,3.595154
354.8793,6.321898,6.810216,3.413385
310.6512,6.081119,6.465386,3.236568
268.2839,5.770725,6.321954,3.256565
229.2424,5.844505,6.183138,3.330064
194.4462,5.709711,5.734348,3.336493
163.3377,5.390273,5.3879,3.283024
136.7122,5.329201,5.304225,3.221344
114.7655,5.458458,5.209526,3.217886
96.825,5.607047,5.292679,3.309599
82.05856,5.98272,5.28196,3.364918
71.9609,6.400379,5.234715,3.313356
63.51387,6.299617,5.091068,3.196088
57.57148,6.170321,4.816571,3.089966
53.60347,5.703508,4.685519,3.011889
51.0876,5.230824,4.669541,2.945319
49.66173,4.705009,4.569888,2.974159
48.23383,4.427297,4.401304,2.875581
48.0387,4.429277,4.305386,3.000328
48.34648,4.364999,4.349743,3.252915
49.39564,4.220627,4.552602,3.504976
51.04284,4.38144,4.328108,3.604956
53.54082,4.37529,4.256271,3.531973
57.38857,3.922129,4.178312,3.51247
62.0781,3.735694,4.010651,3.647035
69.56458,3.012767,4.118712,3.87869
79.63611,2.326271,4.271482,4.056685
92.06116,2.063681,4.451007,4.113916
106.8748,2.202007,4.601782,4.367887
124.7586,2.249811,4.614546,4.820094
147.0408,2.171403,4.646285,5.293907
175.4342,2.330275,4.519639,5.717661
209.1967,2.752134,4.502358,6.189909
249.2724,3.300012,4.586644,6.669726
295.5694,3.703278,5.021836,7.118133
349.3715,4.512257,5.502213,7.82796
410.7491,4.470771,6.143467,8.530126
477.0212,4.512975,6.881199,9.246944
543.3283,5.034053,7.79848,10.11204
609.8053,5.319734,8.77815,11.31176
672.0918,5.3353,9.471616,12.86177
724.3513,5.403293,10.11184,14.59676
762.1076,5.767928,10.8862,16.77367
781.9176,6.49309,12.2137,19.66531
781.3412,7.418151,13.49626,22.98807
759.5645,8.297214,15.059,26.51219
716.1777,9.436394,16.53498,30.54389
657.6111,10.45957,18.2065,35.00896
586.3969,11.55176,20.27294,40.16898
506.8448,12.81625,22.76732,46.24799
425.5668,14.21925,25.67064,52.99065
350.1266,15.69804,28.95368,60.74612
282.4637,17.40571,32.74362,69.30101
224.1611,19.67848,37.05482,78.866
176.7759,22.50158,42.41572,89.66444
140.3915,25.56088,47.55485,101.9835
114.1569,28.94439,53.13482,114.7125
96.27493,32.76046,58.7972,128.0056
84.08414,37.20102,64.92549,142.4084
75.58156,42.17788,71.88953,157.6438
69.97512,47.64596,79.50652,175.1351
66.4082,53.97931,87.63264,192.2616
64.04908,60.63793,96.8372,210.5555
62.23662,67.39297,107.2137,229.4442
60.71302,74.58059,117.8992,249.0807
59.67393,82.27415,129.2985,268.9906
58.99097,90.14384,140.0921,289.1416
58.55066,98.21609,151.3756,308.7363
59.35729,107.0144,162.411,326.703
61.57184,116.1433,173.4527,346.2899
65.46143,125.5143,184.3812,364.3955
71.4551,136.1998,194.7998,383.6982
80.03891,147.4247,205.2625,399.0435
94.14545,158.2999,215.8153,413.9176
112.3413,168.9644,226.383,428.4014
135.0916,179.6941,236.0694,442.1772
163.3014,190.4824,245.1325,455.768
197.9506,201.3783,253.7538,469.3707
240.5548,212.0571,262.1702,481.7625
293.7562,221.645,270.8647,491.8791
360.567,230.4952,278.7414,504.6225
438.8648,239.2138,285.0187,514.9436
524.0234,248.3299,290.6535,523.4047
611.4855,256.3019,296.4264,528.9791
695.5772,263.5873,301.4498,532.3729
769.8045,270.5129,306.9807,534.4431
827.7485,277.229,311.3004,534.5361
856.953,283.847,316.2653,533.5332
858.392,290.4292,320.86,532.9454
832.2507,296.3668,325.1911,529.9134
782.8012,301.1932,329.643,526.5117
714.5433,305.9371,333.1722,524.6087
631.8871,310.8189,335.4596,522.5379
542.2067,314.6573,337.6989,519.2225
451.6588,318.6676,338.5227,515.3995
367.9334,322.3628,339.8905,511.8237
293.2852,325.1608,343.6165,507.1245
230.6095,328.3746,345.4964,502.3614
180.7881,330.8536,348.58,496.1799
142.5127,332.8945,350.3572,489.3057
115.1469,335.2955,351.3234,482.4958
96.94256,337.9755,352.6082,475.695
85.15524,340.7158,353.7803,469.1109
76.39698,343.5819,353.9761,462.7586
69.91819,345.5667,353.5275,456.0898
65.37853,347.1776,351.8397,448.9104
61.95186,348.8761,350.2282,441.8235
59.77796,350.1453,350.7213,435.0592
56.95803,351.4363,349.3426,427.7305
55.02413,350.7154,348.4147,420.2296
53.63112,350.5138,346.2374,412.7291
52.51119,351.5726,343.2372,405.8929
51.42643,352.7902,340.4764,399.2834
50.28646,353.8403,338.2703,391.8106
49.93964,354.7235,336.5634,385.0019
50.01415,354.7839,334.9052,378.3476
51.09409,354.3576,332.5424,371.1505
53.73291,353.8049,330.2865,364.3835
58.04439,352.9354,328.6699,358.0354
64.91161,351.6441,327.8375,351.245
76.14397,348.8819,326.1214,344.9263
91.54625,346.8808,322.7485,339.237
112.1993,345.1032,318.4964,332.7451
138.9245,342.9386,314.7834,325.787
174.3767,340.7931,312.3528,318.2864
218.672,338.7472,310.6416,311.3737
272.6455,336.5382,308.4337,303.915
339.9522,334.4445,306.0357,296.6867
422.6732,331.6137,304.6792,290.1646
511.1463,329.7949,301.7062,283.739
599.9561,328.2942,299.6956,277.1536
683.761,326.3959,296.5382,271.0975
756.3377,324.7796,292.2145,265.7241
810.8273,322.8987,287.8307,259.6643
840.4155,320.7339,283.9664,254.1136
837.351,318.4789,280.3681,248.8227
806.1584,315.9351,276.4773,243.3638
749.8327,312.9047,273.2865,237.5554
676.7697,309.5611,270.073,231.7616
594.7184,305.6728,267.0254,225.9888
508.3585,302.4944,263.4463,219.9286
419.6538,299.6907,260.1991,214.0655
339.488,296.9494,257.249,208.3385
270.7356,294.4888,254.2125,202.9068
215.996,291.941,251.2069,197.7673
172.6006,288.8804,248.3196,192.8434
138.5626,285.4928,244.9888,187.9651
113.2957,282.017,241.3144,183.073
96.24044,278.5058,237.7402,178.3005
84.47861,275.088,233.4941,173.7014
75.71806,271.641,229.4629,169.0063
69.66891,267.7805,225.8164,164.7092
64.63058,264.199,221.7195,160.2161
60.49739,260.6066,217.6843,155.8904
57.72746,257.3955,214.16,151.5952
54.64374,254.4549,211.1003,147.346
52.76196,251.5381,208.321,143.0558
50.5002,248.6396,205.4659,138.7798
48.43432,245.7375,202.2796,134.6148
46.62258,242.8355,198.9986,130.3716
44.87633,239.711,195.6009,126.4043
43.05932,235.7897,192.3656,122.1919
41.43151,231.4144,189.1899,118.2249
39.86819,227.7639,185.63,114.2907
38.29749,224.0533,182.0158,110.5473
36.80051,220.5156,178.7099,107.0005
35.03405,217.4442,175.6282,103.6501
33.13387,214.579,172.5466,100.4034
31.59774,211.7297,169.2756,96.92712
30.29109,208.7108,165.9971,93.7871
29.2534,205.4955,162.3548,90.35824
28.58167,201.8886,159.0059,87.02441
28.19799,197.8148,155.5132,83.64658
28.54417,194.0901,151.8275,80.29354
29.38017,190.8599,148.2285,77.19405
30.0803,187.1263,144.7965,74.21015
31.76398,183.4028,141.421,71.18532
34.09038,179.8946,138.0323,68.57241
37.29053,175.9251,134.6603,66.00417
41.15056,172.4753,131.4338,63.45946
48.70432,168.9243,128.262,61.09621
61.56577,165.0468,125.0395,58.63784
79.12912,161.0003,121.9515,56.52568
104.4529,156.8961,118.7874,54.43859
140.0455,153.026,115.3634,52.20093
186.8961,149.5002,112.4595,50.04282
245.1809,145.7102,109.9215,47.90942
317.2385,142.1605,107.0296,45.66175
403.6339,139.114,104.0005,43.67647
500.7774,135.5683,101.2074,41.65236
601.8419,132.304,98.70868,39.84639
696.0347,129.1536,95.83878,37.99365
779.2007,125.9577,93.17114,36.12475
839.5867,122.6458,90.27874,34.49889
871.2878,119.3029,87.35455,33.10559
872.3422,115.9553,84.51115,31.49642
842.5333,112.4079,82.09172,29.81945
782.7448,108.8816,79.68142,28.23436
700.3079,105.469,76.80727,26.70012
609.317,102.6486,74.33962,25.34132
516.477,99.37146,71.89753,24.16238
426.8083,96.21231,69.54795,22.9782
344.4625,93.22066,67.08506,21.80029
273.1324,90.33795,64.70784,20.77877
216.5286,87.48219,62.3406,19.8274
172.0365,84.51247,60.22105,18.66555
137.8736,81.45677,58.2165,17.51037
113.1855,78.43478,56.33088,16.36502
95.86362,75.44152,54.52925,15.10876
83.77682,72.98293,52.63266,14.20584
75.85413,69.9032,50.92326,13.5558
70.14536,66.42132,48.84204,12.94213
65.83675,63.29308,46.82678,12.24821
62.18134,60.50706,44.71158,11.43029
59.48937,58.21955,42.46751,10.9773
57.34055,55.94519,40.54155,10.70569
55.2968,53.75537,38.7906,10.11897
53.81923,51.99305,37.09927,9.696871
51.89629,50.50433,35.58791,9.401443
50.52132,48.92923,34.2736,9.020644
49.02134,47.37532,32.93738,8.716081
47.91773,44.97832,31.72833,8.580241
46.82161,42.37231,30.57094,8.16475
45.27295,40.39524,29.3326,7.573941
44.29097,38.70015,27.96787,6.966055
44.42684,37.19044,26.63222,6.53787
46.24753,35.53363,25.60686,6.309141
49.94788,34.06322,24.55806,6.023797
56.52171,32.73182,23.44923,5.724237
67.30987,31.47327,22.50392,5.456547
83.88284,30.32232,21.62697,5.211785
108.0468,28.99978,20.56263,5.06392
144.6442,27.63821,19.52373,5.085049
194.9819,25.9554,18.41168,5.126746
258.9655,24.71556,17.36618,4.773834
338.8368,23.2242,16.42713,4.399959
435.8415,22.31781,15.48632,4.0414
546.9422,21.56102,14.71304,3.819247
661.3977,20.83091,14.11359,3.634538
764.9596,19.88038,13.58298,3.429081
847.8614,18.90003,13.151,3.414299
900.2392,18.05888,12.81678,3.4244
917.8232,17.1751,12.05674,3.579512
899.7231,16.27687,11.24247,3.6979
847.3273,15.24657,10.51117,3.822905
764.0949,14.34238,9.96946,3.6599
658.532,13.24039,9.348278,3.379274
549.5444,12.8704,8.906193,3.125426
447.2611,12.29043,8.674367,2.882916
354.7585,11.63433,8.547645,2.624774
274.2205,10.88649,8.571542,2.310121
208.8577,10.06465,8.788777,2.286211
160.3101,9.467121,8.862906,2.074838
124.431,9.092303,8.59189,1.820576
100.1629,8.6413,8.280862,1.668062
84.1517,8.500459,7.925457,1.613386
73.61487,8.554769,7.518121,1.623515
66.76633,8.45842,7.135655,1.7075
62.42761,8.358577,6.831369,1.856424
58.4287,7.865208,6.549775,1.917545
55.95295,7.588479,6.251439,1.997251
53.58784,7.47714,6.132082,1.869887
51.57916,7.113358,6.311181,1.854637
49.82359,6.786922,6.115547,1.801171
48.00174,6.555411,5.904022,1.761779
45.86545,6.251758,5.703421,1.783911
43.71045,6.19232,5.423103,1.785905
41.15406,6.05123,5.218882,1.7487
38.89677,5.936719,4.980037,2.043423
36.70885,5.613605,4.698031,2.236849
34.52001,5.207635,4.486003,2.287023
32.58579,5.137749,4.294039,2.362751
31.2439,5.089397,4.017953,2.287133
29.57999,5.158077,3.880739,2.067559
28.47573,5.027313,3.962756,1.879552
27.67199,4.677336,3.84362,1.807925
27.36632,4.423563,3.913113,1.725582
27.18189,4.307539,4.02683,1.546541
26.73083,4.075493,4.116192,1.485185
26.12607,3.904991,4.073839,1.528488
25.61465,4.034247,4.002521,1.494236
25.0526,4.044017,3.899655,1.339108
24.67039,3.915764,3.65826,1.318844
24.45736,3.759315,3.386573,1.344057
24.34938,3.831067,3.415404,1.21312
24.42084,3.412354,3.679579,1.088485
24.91723,3.035591,3.537615,1.369488
25.34307,3.122162,3.56783,1.386743
25.79473,3.300637,3.558065,1.586511
26.39657,3.364797,3.631563,1.82594
27.0513,3.59401,3.660729,1.883493
27.61283,4.043062,3.671979,1.791147
28.12991,4.140802,3.601828,1.6685
28.97409,3.96934,3.336161,1.617008
29.92473,3.786085,3.119832,1.609937
32.2388,3.790367,3.064699,1.431913
35.28157,3.749721,2.865428,1.417762
40.5024,3.841133,2.691491,1.420867
48.43796,3.925169,2.430076,1.135177
59.4746,3.864126,2.278346,1.085162
75.73303,3.822658,2.281314,1.124674
103.0679,3.879287,2.328053,1.084874
147.3732,3.83812,2.399826,0.9787245
208.142,3.776053,2.433024,0.9005985
287.4033,3.400644,2.363166,0.9173869
384.3152,3.113722,2.523921,0.9410872
494.797,3.108276,2.6469,0.9659337
613.009,3.064061,2.472919,1.080874
725.4434,2.720607,2.399403,1.109893
815.9279,2.366561,2.258612,1.040576
875.6792,2.204061,2.191355,1.005522
899.2588,2.164414,2.078855,1.039013
885.2778,2.138722,1.839885,1.049048
836.3816,2.09017,1.493308,1.081663
758.7523,1.984021,1.220222,1.108178
656.7008,1.340316,1.249066,1.13685
549.5768,1.325233,1.241961,1.33921
445.7752,1.506379,1.24124,1.479639
351.7806,1.617034,1.14031,1.425373
271.8012,1.537203,1.237619,1.248999
207.1006,1.635489,1.435017,1.087883
155.3254,1.833642,1.558562,1.00989
120.343,1.882851,1.639225,1.005364
95.89451,1.796223,1.650145,0.9490249
79.58538,1.666627,1.549969,0.8836901
69.00302,1.376002,1.462033,0.8027388
62.19597,1.090947,1.512566,0.7910693
57.78687,0.9083995,1.415719,0.8046386
54.67551,0.7685757,1.490546,0.7351295
52.50101,0.4797055,1.547703,0.5369075
50.41248,0.2051439,1.401975,0.2776595
48.37038,0.04496561,1.37192,0.07132332
46.31817,0.2098142,1.256042,0.001244011
44.26556,0.4105748,1.266141,0.1068359
42.32336,0.6395123,1.455579,0.2109529
40.66408,1.145136,1.520529,0.3006524
39.42203,1.737817,1.372097,0.5081325
38.31517,2.138904,1.147837,0.8126588
37.47007,2.013254,1.029554,1.048665
36.87392,1.931974,0.7947993,1.117974
36.50747,1.871525,0.4548241,1.157237
36.40574,1.606129,0.1110257,1.2347
36.5136,1.24329,0.06917936,0.9800577
36.40531,1.041732,0.1480269,0.6999885
36.93016,1.045484,0.3542443,0.6128737
37.57126,1.122296,0.7738249,0.5348374
38.16307,1.301544,1.165682,0.5127587
39.18486,1.532365,1.228384,0.633393
41.47186,1.501071,1.24972,0.8296548
44.62942,1.569327,1.531307,0.9943374
50.62682,1.69456,1.644816,1.005474
60.78485,1.906359,1.584051,1.146854
79.34565,1.784137,1.490332,1.12124
107.3381,1.487802,1.441842,0.9650502
146.9194,1.33138,1.323553,0.8199554
203.6759,1.365687,1.190736,0.7382478
277.2365,1.285343,1.224059,0.5320747
370.4318,1.264631,1.235264,0.1828875
476.7761,1.4459,0.6555022,0.1934385
587.7506,1.522172,0.239259,0.06565692
692.21,1.554027,0.3159335,0.2995368
779.3319,1.752591,0.4365708,0.4575823
840.8302,2.056767,0.6727545,0.6846858
863.0076,2.151397,0.8380837,0.918466
848.5993,2.261219,0.9537683,1.192995
800.936,2.422356,1.13814,1.433832
728.7878,2.435091,1.41803,1.527483
639.9061,2.460329,1.699274,1.559226
542.6411,2.445709,1.792278,1.313212
448.6913,2.390068,1.32885,1.397524
364.782,2.388299,1.261925,1.279172
293.6121,2.402705,1.447378,1.315727
233.4469,2.445596,1.400218,1.27663
184.4731,2.485747,1.462731,1.23026
145.2276,2.376524,1.467977,1.337626
114.2917,2.613298,1.420697,1.597318
92.82172,2.779227,1.453227,1.870424
79.09369,2.761543,1.572271,1.959739
69.4455,2.913419,1.673033,2.188881
63.35953,2.98648,1.748742,2.251122
59.74538,2.981882,1.669123,2.253907
57.42202,3.06738,2.066331,2.248572
55.70909,3.152157,2.134575,2.312463
54.84601,3.103547,2.088366,2.396996
53.4509,3.098826,2.12564,2.444041
52.22485,3.22719,2.292072,2.573739
51.78282,3.170856,2.343664,2.723644
52.04893,3.194513,2.231352,3.072356
53.16872,3.025744,2.195765,3.267605
55.4128,3.275274,2.279803,3.404871
58.49862,3.409693,2.336072,3.500647
63.34044,3.477622,2.514017,3.565513
74.31396,3.577382,3.039074,3.644104
94.36446,3.569381,3.298206,3.801622
126.1646,3.488438,3.461071,4.069486
172.2154,3.583877,3.608001,4.391116
234.3213,3.8061,3.881182,4.564049
312.4729,3.889354,4.153778,4.618931
414.4417,4.2411,4.310906,4.829462
524.0443,4.544716,4.509151,4.99451
630.8516,5.211844,4.729742,5.130895
724.0431,5.836869,4.946353,5.370439
792.8672,6.563469,5.360382,5.697528
829.2391,6.930991,5.823736,5.926224
832.567,6.868446,6.097286,6.148043
799.1547,6.909134,6.390718,6.897266
739.0645,7.149506,6.792385,7.557322
660.3929,7.180478,7.470432,7.987879
571.6237,7.382102,8.328442,8.37096
482.3484,7.479923,9.105361,8.72912
401.019,7.758816,9.815545,9.072656
327.7176,8.170416,10.38767,9.466372
265.6406,8.98262,10.82612,9.978875
213.7451,9.86751,11.39495,10.71117
169.7312,10.60708,12.1006,11.32344
134.5169,11.42311,12.97651,12.19
108.6922,12.57856,13.91324,13.49303
90.5893,14.06751,14.97371,14.94916
78.71186,15.72163,16.44977,16.43264
71.68763,17.38039,18.13323,17.94944
67.57404,19.1754,19.55797,19.4797
65.15119,20.87123,21.28213,20.99598
63.66919,22.64205,23.27864,22.77174
62.63504,24.52319,25.24421,24.69113
61.79834,26.83644,27.73153,26.91678
62.1261,29.14209,31.07774,29.0929
63.43048,31.7126,34.58184,31.1747
66.37502,35.83152,39.06046,33.40884
70.17718,43.23373,47.0871,36.60993
77.3786,56.08456,61.52626,42.71952
92.76652,77.68383,84.53748,55.11627
121.0518,113.0625,121.1734,78.30238
164.1715,171.333,184.7336,122.225
230.8067,253.1083,274.2758,192.5805
325.2817,365.6846,395.3413,295.9506
443.6768,501.8037,545.918,434.7647
578.3221,649.1672,701.6805,594.4885
717.2832,788.3356,838.5668,751.9164
844.2743,900.4067,939.0815,883.6761
941.0043,971.9448,989.5269,970.4516
988.8008,996.832,982.6835,997.8857
990.848,974.6313,920.4429,958.1845
951.8146,909.2455,812.8854,858.6703
876.8877,815.2119,682.3307,722.3092
774.7505,701.4872,541.3517,569.6707
660.8603,590.2776,416.2895,423.9365
551.2576,487.9882,319.0644,303.4877
451.5737,397.9642,242.2042,214.3367
365.614,317.3983,182.611,150.7743
292.4721,246.0169,138.3943,107.5113
230.9724,185.623,105.827,81.01907
179.7071,137.5614,81.73069,64.03882
136.0406,100.654,65.14812,53.32975
103.0463,72.70924,52.99421,45.3746
80.50089,54.36286,43.98141,39.7029
65.25845,42.51471,37.76296,35.6944
55.2275,34.21349,32.84251,32.13602
48.76455,28.96301,28.73201,28.54629
44.4801,24.84515,25.43448,25.43102
40.94263,21.68648,22.9125,22.81245
37.70679,19.09962,20.72466,20.3449
34.97897,16.86158,18.77802,18.58452
32.40251,14.8046,17.29942,17.26384
30.1539,12.95764,16.04096,16.02626
28.27687,11.40298,15.38087,14.67069
26.61435,10.01712,14.17518,13.32778
25.08671,9.037668,13.23857,12.19671
23.64929,8.44939,12.41729,10.90722
22.37678,7.64398,11.60335,9.886067
21.20327,7.148134,10.67599,9.057918
20.15449,6.740667,9.833343,8.351714
18.97951,6.323119,9.098577,7.788399
17.56845,6.012038,8.440387,7.576962
17.06348,5.540475,8.017339,7.543868
16.41306,4.878043,7.714567,7.43187
15.59585,4.159809,7.706766,7.246541
15.04986,3.405289,7.422175,6.961592
14.70828,2.84071,7.210929,6.584061
14.38773,2.474272,7.248024,6.190861
14.00452,2.067403,6.924478,5.678028
13.60765,2.036544,6.362079,5.197269
13.10119,2.073361,5.841924,4.960492
12.66325,1.996148,5.368779,4.85494
11.99195,1.983148,4.888121,4.771791
11.69812,1.850229,4.55866,4.74862
11.55455,1.69365,4.296699,4.519269
10.51484,1.570418,4.150117,4.27093
9.687253,1.444749,3.94643,4.187116
8.993315,1.409654,3.896106,3.954552
8.647453,1.323786,4.218581,3.80547
8.535708,1.164855,4.270743,3.521306
8.487587,1.218216,4.152341,3.211646
8.575091,1.304105,4.15234,3.108889
8.993889,1.140397,4.141508,3.10435
8.968672,1.253056,3.872107,2.847488
8.762846,1.231221,3.538161,2.733868
8.990607,1.081443,3.09073,2.404675
8.644915,0.7965699,2.945329,2.052768
8.082313,0.4771885,2.482817,1.816543
7.645308,0.3015816,2.146068,1.555732
6.890727,0.1419847,1.834471,1.250568
6.625901,0.03528653,1.56592,0.9986459
6.383604,0.002560223,1.45031,0.8216583
6.145256,0.1211839,1.502658,0.5866475
5.958006,0.2566887,1.523223,0.3410632
5.70723,0.4812998,1.369183,0.05539742
5.300923,0.4512338,1.519536,0.002785574
4.828884,0.3322738,1.449814,0.1197207
4.466285,0.1588821,1.377303,0.1169453
4.11446,0.0493186,1.024244,0.03224637
3.880053,0.1118876,0.8239394,0.03660111
3.587578,0.1964612,0.3593627,0.09429438
3.380286,0.1277191,0.04030421,0.001993756
3.29997,0,0.0578855,0.02181404
2.957928,0,0.09647583,0.002931994
2.746764,0,0.01672615,0
2.393231,0,0.1186479,0.04085407
2.481885,0,0.4139577,0.2463368
2.456941,0.04785313,0.35715,0.5813948
2.088856,0.08226374,0.2852089,0.7438014
1.549343,0.04626245,0.2003605,0.5298031
1.132775,0.06291474,0.2604472,0.3341559
1.028327,0.1101008,0.1350196,0.3103098
0.8559629,0,0.01047605,0.03914356
0.7529776,0,0.01428552,0
0.4210564,0.01015146,0,0
0.05944166,0.1865332,0,0.0004534603
0.07359798,0.02284079,0.003987972,0.09071703
0.3911321,0,0.04685867,0.354039
0.2091359,0.05963064,0.004984965,0.6464107
0.04668408,0.05475041,0,0.5617998
0,0.1069714,0,0.2810642
0,0.1363794,0.02576501,0.03977044
0.05394519,0.06325617,0.0711427,0.001620106
0.2099176,0,0.1340127,0
0.4009663,0.02194013,0.1433689,0
0.4531983,0.1348468,0.06408892,0.03535241
0.2399073,0.3144237,0.0631882,0.1001349
0.3945535,0.01912036,0.004282734,0.1746934
0.7411584,0,0.09636151,0.310745
0.8650649,0,0.01848252,0.388529
0.6847587,0.03257199,0.0009918248,0.09104851
1.024049,0.2207057,0,0.03202174
1.202598,0.1639393,0.05022746,0.008814573
0.772453,0,0.1615134,0.0468812
0.3729703,0,0.2143299,0.04732769
0.1185388,0,0.1200268,0.02448145
0,0.02502322,0,0.07092392
0,0.133778,0,0.07053407
0,0,0,0.1498916
