"Position (bp)"	"01_BAT_r3_C_1 - nextera_transposase_sequence"	"01_BAT_r3_C_2 - nextera_transposase_sequence"	"01_Blood_r2_C_1 - nextera_transposase_sequence"	"01_Blood_r2_C_2 - nextera_transposase_sequence"	"01_Liver_r1_C_1 - nextera_transposase_sequence"	"01_Liver_r1_C_2 - nextera_transposase_sequence"	"02_BAT_r3_C_1 - nextera_transposase_sequence"	"02_BAT_r3_C_2 - nextera_transposase_sequence"	"02_Blood_r2_C_1 - nextera_transposase_sequence"	"02_Blood_r2_C_2 - nextera_transposase_sequence"	"02_Liver_r1_C_1 - nextera_transposase_sequence"	"02_Liver_r1_C_2 - nextera_transposase_sequence"	"03_BAT_r3_C_1 - nextera_transposase_sequence"	"03_BAT_r3_C_2 - nextera_transposase_sequence"	"03_Blood_r2_C_1 - nextera_transposase_sequence"	"03_Blood_r2_C_2 - nextera_transposase_sequence"	"03_Liver_r1_C_1 - nextera_transposase_sequence"	"03_Liver_r1_C_2 - nextera_transposase_sequence"	"04_BAT_r3_C_1 - nextera_transposase_sequence"	"04_BAT_r3_C_2 - nextera_transposase_sequence"	"04_Blood_r2_C_1 - nextera_transposase_sequence"	"04_Blood_r2_C_2 - nextera_transposase_sequence"	"04_Liver_r1_C_1 - nextera_transposase_sequence"	"04_Liver_r1_C_2 - nextera_transposase_sequence"	"05_BAT_r3_C_1 - nextera_transposase_sequence"	"05_BAT_r3_C_2 - nextera_transposase_sequence"	"05_scAT_r3_C_1 - nextera_transposase_sequence"	"05_scAT_r3_C_2 - nextera_transposase_sequence"	"06_BAT_r3_C_1 - nextera_transposase_sequence"	"06_BAT_r3_C_2 - nextera_transposase_sequence"	"06_Blood_r2_C_1 - nextera_transposase_sequence"	"06_Blood_r2_C_2 - nextera_transposase_sequence"	"06_scAT_r3_C_1 - nextera_transposase_sequence"	"06_scAT_r3_C_2 - nextera_transposase_sequence"	"07_BAT_r3_C_1 - nextera_transposase_sequence"	"07_BAT_r3_C_2 - nextera_transposase_sequence"	"07_Blood_r2_C_1 - nextera_transposase_sequence"	"07_Blood_r2_C_2 - nextera_transposase_sequence"	"07_scAT_r3_C_1 - nextera_transposase_sequence"	"07_scAT_r3_C_2 - nextera_transposase_sequence"	"08_BAT_r3_C_1 - nextera_transposase_sequence"	"08_BAT_r3_C_2 - nextera_transposase_sequence"	"08_Blood_r2_C_1 - nextera_transposase_sequence"	"08_Blood_r2_C_2 - nextera_transposase_sequence"	"08_Liver_r1_C_1 - nextera_transposase_sequence"	"08_Liver_r1_C_2 - nextera_transposase_sequence"	"08_scAT_r3_C_1 - nextera_transposase_sequence"	"08_scAT_r3_C_2 - nextera_transposase_sequence"	"09_BAT_r3_C_1 - nextera_transposase_sequence"	"09_BAT_r3_C_2 - nextera_transposase_sequence"	"09_Blood_r2_C_1 - nextera_transposase_sequence"	"09_Blood_r2_C_2 - nextera_transposase_sequence"	"09_Liver_r1_C_1 - nextera_transposase_sequence"	"09_Liver_r1_C_2 - nextera_transposase_sequence"	"10_BAT_r3_C_1 - nextera_transposase_sequence"	"10_BAT_r3_C_2 - nextera_transposase_sequence"	"10_Blood_r2_C_1 - nextera_transposase_sequence"	"10_Blood_r2_C_2 - nextera_transposase_sequence"	"10_Liver_r1_C_1 - nextera_transposase_sequence"	"10_Liver_r1_C_2 - nextera_transposase_sequence"	"11_Blood_r2_C_1 - nextera_transposase_sequence"	"11_Blood_r2_C_2 - nextera_transposase_sequence"	"11_Liver_r1_C_1 - nextera_transposase_sequence"	"11_Liver_r1_C_2 - nextera_transposase_sequence"	"12_Blood_r2_C_1 - nextera_transposase_sequence"	"12_Blood_r2_C_2 - nextera_transposase_sequence"	"12_Liver_r1_C_1 - nextera_transposase_sequence"	"12_Liver_r1_C_2 - nextera_transposase_sequence"	"12_scAT_r2_C_1 - nextera_transposase_sequence"	"12_scAT_r2_C_2 - nextera_transposase_sequence"	"13_Liver_r1_C_1 - nextera_transposase_sequence"	"13_Liver_r1_C_2 - nextera_transposase_sequence"	"13_scAT_r3_C_1 - nextera_transposase_sequence"	"13_scAT_r3_C_2 - nextera_transposase_sequence"	"14_Liver_r1_C_1 - nextera_transposase_sequence"	"14_Liver_r1_C_2 - nextera_transposase_sequence"	"14_Liver_r3_C_1 - nextera_transposase_sequence"	"14_Liver_r3_C_2 - nextera_transposase_sequence"	"14_scAT_r3_C_1 - nextera_transposase_sequence"	"14_scAT_r3_C_2 - nextera_transposase_sequence"	"15_Liver_r3_C_1 - nextera_transposase_sequence"	"15_Liver_r3_C_2 - nextera_transposase_sequence"	"15_scAT_r3_C_1 - nextera_transposase_sequence"	"15_scAT_r3_C_2 - nextera_transposase_sequence"	"16_Liver_r3_C_1 - nextera_transposase_sequence"	"16_Liver_r3_C_2 - nextera_transposase_sequence"	"16_scAT_r3_C_1 - nextera_transposase_sequence"	"16_scAT_r3_C_2 - nextera_transposase_sequence"
1	0	0	0	0	0	0	0	0	0	0	0	0	0	0	0	0	0	0	0	0	0	0	0	0	0	0	0	0	0	0	0	0	0	0	0	0	0	0	0	0	0	0	0	0	0	0	0	0	0	0	0	0	0	0	0	0	0	0	0	0	0	0	0	0	0	0	0	0	0	0	0	0	0	0	0	0	0	0	0	0	0	0	0	0	0	0	0	0
2	0.003614414284165251	0	0	0	0	0	0	0	0	0	0	0	0.0016417395872666677	0	0	0	0	0	0	0	0	0	0	0	0	0	0.001281180736166451	0	0	0	0	0	0	0	0	0	0	0	0	0	0	0	0	0	0	0	0	0	0	0	0	0	0	0	0	0	0	0	0	0	0	0	0	0	0	0	0	0	0	0	0	0	0	0	0	0	0.002457274145790075	0	0.005628940258180727	0	0	0	0.005395562150131517	0	0	0	0	0
3	0.003614414284165251	0	0	0	0	0	0	0	0	0	0	0	0.0016417395872666677	0	0	0	0	0	0.0038206826286296485	0	0	0	0	0	0	0	0.001281180736166451	0	0	0	0	0	0	0	0	0	0	0	0	0	0	0	0	0	0	0	0.0009860182610581948	0	0	0	0	0	0	0	0	0	0	0	0	0	0	0	0	0	0	0	0	0	0.001643952719919775	0	0	0	0	0	0	0	0.002457274145790075	0	0.005628940258180727	0	0	0	0.005395562150131517	0	0	0	0	0
4	0.003614414284165251	0	0	0	0	0	0	0	0	0	0	0	0.0016417395872666677	0	0	0	0	0	0.0038206826286296485	0	0	0	0	0	0	0	0.001281180736166451	0	0	0	0	0	0	0	0	0	0	0	0	0	0	0	0	0	0	0	0.0009860182610581948	0	0	0	0	0	0	0	0	0	0	0	0	0	0.0006878288681775974	0	0	0	0	0	0	0	0.00328790543983955	0	0.002363563308043206	0	0.007621370322383965	0	0	0	0.002457274145790075	0	0.005628940258180727	0	0	0	0.005395562150131517	0	0	0	0	0
5	0.003614414284165251	0	0	0	0	0	0	0	0	0	0	0	0.0016417395872666677	0	0	0	0	0	0.0038206826286296485	0	0	0	0	0	0	0	0.001281180736166451	0	0	0	0	0	0	0	0	0	0	0	0	0	0	0	0	0	0	0	0.0009860182610581948	0	0	0	0	0	0	0	0	0	0	0	0	0	0.0006878288681775974	0	0.0030680493342332945	0	0	0	0	0	0.00328790543983955	0	0.002363563308043206	0	0.007621370322383965	0	0	0	0.002457274145790075	0	0.005628940258180727	0	0	0	0.005395562150131517	0	0	0	0	0
6	0.003614414284165251	0	0	0	0	0	0	0	0	0	0	0	0.0016417395872666677	0	0	0	0	0	0.0038206826286296485	0	0	0	0	0	0	0	0.001281180736166451	0	0	0	0	0	0	0	0	0	0	0	0	0	0	0	0	0	0	0	0.0009860182610581948	0	0	0	0	0	0	0	0	0	0	0	0	0	0.0006878288681775974	0	0.0030680493342332945	0	0	0	0	0	0.00328790543983955	0	0.002363563308043206	0	0.007621370322383965	0	0	0	0.002457274145790075	0	0.005628940258180727	0	0	0	0.005395562150131517	0	0	0	0	0
7	0.004819219045553668	0	0	0	0	0	0	0	0.0010565463612543318	0	0	0	0.0032834791745333354	0	0	0	0	0	0.005094243504839531	0	0	0	0.0033246891415652634	0	0	0	0.001281180736166451	0	0	0	0.002674583433630212	0	0.0014601204599379448	0	0	0	0	0	0	0	0	0	0	0	0	0	0.0009860182610581948	0	0.004476008593936501	0	0	0	0.003586286042174724	0	0	0	0.0012607637706922854	0	0	0	0.0006878288681775974	0	0.0030680493342332945	0	0	0	0.002159640635798203	0	0.00328790543983955	0	0.002363563308043206	0	0.007621370322383965	0	0.004895361644841513	0	0.002457274145790075	0	0.009381567096967877	0	0	0	0.006744452687664396	0	0	0	0.0016127601583730475	0
8	0.004819219045553668	0	0	0	0	0	0.0008989572096368213	0	0.0010565463612543318	0	0	0	0.0032834791745333354	0	0	0	0	0	0.005094243504839531	0	0	0	0.0033246891415652634	0	0	0	0.001281180736166451	0	0	0	0.008023750300890637	0	0.0014601204599379448	0	0	0	0	0	0.0010036029345349806	0	0	0	0	0	0.003545344962064809	0	0.0009860182610581948	0	0.005968011458582	0	0	0	0.003586286042174724	0	0	0	0.0012607637706922854	0	0.0017806584875086806	0	0.0006878288681775974	0	0.0030680493342332945	0	0	0	0.002159640635798203	0	0.00328790543983955	0	0.002363563308043206	0	0.013337398064171939	0	0.004895361644841513	0	0.002457274145790075	0	0.009381567096967877	0	0	0	0.006744452687664396	0	0	0	0.0016127601583730475	0
9	0.004819219045553668	0	0.0017306727124833422	0	0	0	0.0008989572096368213	0	0.0010565463612543318	0	0	0	0.0032834791745333354	0	0.0006369386182253616	0	0	0	0.005094243504839531	0	0	0	0.0033246891415652634	0	0	0	0.003843542208499353	0	0	0	0.008023750300890637	0	0.0014601204599379448	0	0	0	0	0	0.0010036029345349806	0	0	0	0.006141248720573183	0	0.003545344962064809	0	0.0019720365221163895	0	0.005968011458582	0	0	0	0.003586286042174724	0	0	0	0.0012607637706922854	0	0.0017806584875086806	0	0.0006878288681775974	0	0.0030680493342332945	0	0.0011090286018476416	0	0.002159640635798203	0	0.00328790543983955	0	0.002363563308043206	0	0.013337398064171939	0	0.004895361644841513	0	0.002457274145790075	0	0.015010507355148604	0	0	0	0.006744452687664396	0	0	0	0.0016127601583730475	0
10	0.004819219045553668	0	0.0017306727124833422	0	0	0	0.0008989572096368213	0	0.0010565463612543318	0	0	0	0.006566958349066671	0	0.0019108158546760848	0	0	0	0.005094243504839531	0	0	0	0.0033246891415652634	0	0	0	0.003843542208499353	0	0	0	0.008023750300890637	0	0.0014601204599379448	0	0	0	0	0	0.0010036029345349806	0	0	0	0.006141248720573183	0	0.003545344962064809	0	0.0019720365221163895	0	0.005968011458582	0	0	0	0.003586286042174724	0	0	0	0.0012607637706922854	0	0.0017806584875086806	0	0.0013756577363551949	0	0.0030680493342332945	0	0.0011090286018476416	0	0.002159640635798203	0	0.0049318581597593255	0	0.002363563308043206	0	0.013337398064171939	0	0.004895361644841513	0	0.002457274145790075	0	0.015010507355148604	0	0	0	0.006744452687664396	0	0	0	0.0016127601583730475	0
12	0.006024023806942085	0	0.0017306727124833422	0	0	0	0.0008989572096368213	0	0.0010565463612543318	0	0	0	0.006566958349066671	0	0.0022292851637887657	0	0	0	0.005094243504839531	0	0	0	0.0033246891415652634	0	0	0	0.004484132576582579	0	0	0	0.008023750300890637	0	0.0014601204599379448	0	0	0	0	0	0.0010036029345349806	0	0	0	0.006141248720573183	0	0.003545344962064809	0	0.0019720365221163895	0	0.005968011458582	0	0	0	0.00896571510543681	0	0	0	0.0012607637706922854	0	0.0017806584875086806	0	0.0013756577363551949	0	0.0030680493342332945	0	0.0016635429027714622	0	0.002159640635798203	0	0.005753834519719213	0	0.002363563308043206	0	0.013337398064171939	0	0.004895361644841513	0	0.002457274145790075	0	0.015010507355148604	0	0	0	0.006744452687664396	0	0	0	0.0016127601583730475	0
14	0.006024023806942085	0	0.0017306727124833422	0	0	0	0.0008989572096368213	0	0.0010565463612543318	0	0	0	0.006566958349066671	0	0.003184693091126808	0	0	0	0.005094243504839531	0	0	0	0.0033246891415652634	0	0	0	0.005124722944665804	0	0	0	0.008023750300890637	0	0.0014601204599379448	0	0	0	0	0	0.003010808803604942	0	0	0	0.006141248720573183	0	0.003545344962064809	0	0.0019720365221163895	0	0.005968011458582	0	0	0	0.00896571510543681	0	0	0	0.0012607637706922854	0	0.0017806584875086806	0	0.0013756577363551949	0	0.0030680493342332945	0	0.002218057203695283	0	0.002159640635798203	0	0.0065758108796791	0	0.002363563308043206	0	0.013337398064171939	0	0.004895361644841513	0	0.002457274145790075	0	0.015010507355148604	0	0	0	0.006744452687664396	0	0	0	0.0016127601583730475	0
16	0.006024023806942085	0	0.0017306727124833422	0	0	0	0.0008989572096368213	0	0.0010565463612543318	0	0	0	0.006566958349066671	0	0.003184693091126808	0	0	0	0.005094243504839531	0	0	0	0.0033246891415652634	0	0	0	0.005124722944665804	0	0	0	0.008023750300890637	0	0.0014601204599379448	0	0	0	0	0	0.003010808803604942	0	0	0	0.006141248720573183	0	0.003545344962064809	0	0.0019720365221163895	0	0.005968011458582	0	0	0	0.00896571510543681	0	0	0	0.0012607637706922854	0	0.0017806584875086806	0	0.0013756577363551949	0	0.0030680493342332945	0	0.002218057203695283	0	0.002159640635798203	0	0.0065758108796791	0	0.002363563308043206	0	0.013337398064171939	0	0.004895361644841513	0	0.002457274145790075	0	0.015010507355148604	0	0	0	0.006744452687664396	0	0	0	0.0016127601583730475	0
18	0.006024023806942085	0	0.0017306727124833422	0	0	0	0.0008989572096368213	0	0.0010565463612543318	0	0	0	0.006566958349066671	0	0.003184693091126808	0	0	0	0.005094243504839531	0	0	0.0003321354315435662	0.0033246891415652634	0	0	0	0.005124722944665804	0.001281180736166451	0	0	0.008023750300890637	0	0.0014601204599379448	0	0	0	0	0	0.003010808803604942	0	0	0	0.006141248720573183	0	0.003545344962064809	0	0.0019720365221163895	0	0.005968011458582	0	0	0	0.00896571510543681	0	0	0	0.0012607637706922854	0	0.0017806584875086806	0	0.0013756577363551949	0	0.0030680493342332945	0	0.002218057203695283	0	0.002159640635798203	0	0.0065758108796791	0	0.002363563308043206	0	0.013337398064171939	0.0019053425805959912	0.004895361644841513	0	0.002457274145790075	0	0.015010507355148604	0	0	0	0.006744452687664396	0	0	0	0.0016127601583730475	0
20	0.006024023806942085	0	0.0017306727124833422	0	0	0	0.0008989572096368213	0	0.0010565463612543318	0	0	0	0.006566958349066671	0	0.003184693091126808	0	0	0	0.005094243504839531	0	0.0006642708630871324	0.0006642708630871324	0.0033246891415652634	0	0	0	0.005124722944665804	0.001281180736166451	0	0	0.008023750300890637	0	0.0014601204599379448	0	0	0	0	0	0.003010808803604942	0	0	0	0.006141248720573183	0	0.003545344962064809	0	0.0019720365221163895	0	0.005968011458582	0	0	0	0.00896571510543681	0	0	0	0.0012607637706922854	0	0.0017806584875086806	0	0.0013756577363551949	0	0.0030680493342332945	0	0.002218057203695283	0	0.002159640635798203	0	0.0065758108796791	0	0.002363563308043206	0	0.013337398064171939	0.0019053425805959912	0.004895361644841513	0	0.002457274145790075	0	0.015010507355148604	0	0	0	0.006744452687664396	0	0	0	0.0016127601583730475	0
22	0.006024023806942085	0	0.0017306727124833422	0	0	0	0.0008989572096368213	0	0.0010565463612543318	0	0	0	0.006566958349066671	0	0.003184693091126808	0.0003184693091126808	0	0	0.005094243504839531	0	0.0013285417261742647	0.0006642708630871324	0.0033246891415652634	0	0	0	0.005124722944665804	0.001281180736166451	0	0	0.008023750300890637	0	0.0014601204599379448	0	0	0	0	0	0.003010808803604942	0	0	0	0.006141248720573183	0	0.003545344962064809	0	0.0019720365221163895	0	0.005968011458582	0	0.0008589146754161441	0	0.00896571510543681	0	0	0	0.0012607637706922854	0	0.0017806584875086806	0	0.0013756577363551949	0	0.0030680493342332945	0	0.002218057203695283	0	0.002159640635798203	0	0.0065758108796791	0	0.002363563308043206	0	0.013337398064171939	0.0019053425805959912	0.004895361644841513	0	0.002457274145790075	0	0.015010507355148604	0	0	0	0.006744452687664396	0	0	0	0.0016127601583730475	0
24	0.006024023806942085	0	0.0017306727124833422	0	0	0	0.0008989572096368213	0	0.0010565463612543318	0	0	0	0.006566958349066671	0	0.003184693091126808	0.0006369386182253616	0	0	0.005094243504839531	0	0.0013285417261742647	0.0006642708630871324	0.0033246891415652634	0	0	0	0.005124722944665804	0.001281180736166451	0	0	0.008023750300890637	0	0.0014601204599379448	0	0	0	0	0	0.003010808803604942	0	0	0	0.006141248720573183	0	0.003545344962064809	0	0.0019720365221163895	0	0.005968011458582	0	0.0008589146754161441	0	0.00896571510543681	0	0	0	0.0012607637706922854	0	0.0017806584875086806	0	0.0013756577363551949	0	0.0030680493342332945	0	0.002218057203695283	0	0.002159640635798203	0	0.0065758108796791	0	0.002363563308043206	0	0.013337398064171939	0.0019053425805959912	0.004895361644841513	0	0.002457274145790075	0	0.015010507355148604	0	0	0	0.006744452687664396	0	0	0	0.0016127601583730475	0
26	0.006024023806942085	0	0.0017306727124833422	0	0	0	0.0008989572096368213	0	0.0010565463612543318	0	0	0	0.006566958349066671	0	0.003184693091126808	0.0006369386182253616	0	0	0.005094243504839531	0	0.0013285417261742647	0.0006642708630871324	0.0033246891415652634	0	0	0	0.005124722944665804	0.001281180736166451	0	0	0.008023750300890637	0	0.0014601204599379448	0	0	0	0	0	0.003010808803604942	0	0	0	0.006141248720573183	0	0.003545344962064809	0	0.0019720365221163895	0	0.005968011458582	0	0.0008589146754161441	0	0.00896571510543681	0	0	0	0.0012607637706922854	0	0.0017806584875086806	0	0.0013756577363551949	0	0.0030680493342332945	0	0.002218057203695283	0	0.002159640635798203	0	0.0065758108796791	0	0.002363563308043206	0	0.01524274064476793	0.0019053425805959912	0.004895361644841513	0	0.002457274145790075	0	0.015010507355148604	0	0	0	0.006744452687664396	0.0006744452687664396	0	0	0.0016127601583730475	0
28	0.006024023806942085	0	0.0017306727124833422	0	0	0	0.0008989572096368213	0	0.0010565463612543318	0	0	0	0.006566958349066671	0	0.003184693091126808	0.0006369386182253616	0	0	0.005094243504839531	0	0.0013285417261742647	0.0006642708630871324	0.0033246891415652634	0	0	0	0.005124722944665804	0.001281180736166451	0	0	0.008023750300890637	0	0.0014601204599379448	0	0	0	0	0	0.004014411738139922	0	0	0	0.006141248720573183	0	0.003545344962064809	0	0.0019720365221163895	0	0.005968011458582	0	0.0008589146754161441	0	0.00896571510543681	0	0	0	0.0012607637706922854	0.0012607637706922854	0.0017806584875086806	0	0.0013756577363551949	0.0003439144340887987	0.0030680493342332945	0	0.002218057203695283	0	0.002159640635798203	0	0.0065758108796791	0	0.002363563308043206	0	0.01524274064476793	0.0019053425805959912	0.004895361644841513	0	0.002457274145790075	0	0.015010507355148604	0	0	0	0.006744452687664396	0.0013488905375328793	0	0	0.0016127601583730475	0
30	0.006024023806942085	0	0.0017306727124833422	0	0	0	0.0017979144192736426	0	0.0010565463612543318	0	0	0	0.006566958349066671	0	0.003184693091126808	0.0006369386182253616	0	0	0.005094243504839531	0	0.0013285417261742647	0.0006642708630871324	0.0033246891415652634	0	0	0	0.005124722944665804	0.001281180736166451	0	0	0.008023750300890637	0	0.0014601204599379448	0	0	0	0	0	0.004014411738139922	0	0	0	0.006141248720573183	0	0.003545344962064809	0	0.0019720365221163895	0	0.005968011458582	0	0.0008589146754161441	0	0.00896571510543681	0	0	0	0.0012607637706922854	0.0012607637706922854	0.0017806584875086806	0	0.0013756577363551949	0.0006878288681775974	0.0030680493342332945	0	0.002218057203695283	0	0.002159640635798203	0	0.0065758108796791	0	0.002363563308043206	0	0.01524274064476793	0.0019053425805959912	0.004895361644841513	0	0.002457274145790075	0	0.015010507355148604	0	0	0.005245764045533232	0.006744452687664396	0.0020233358062993188	0	0	0.0016127601583730475	0
32	0.006024023806942085	0	0.0017306727124833422	0	0	0	0.0017979144192736426	0	0.0010565463612543318	0	0	0	0.006566958349066671	0	0.003184693091126808	0.0006369386182253616	0	0	0.005094243504839531	0	0.0013285417261742647	0.0006642708630871324	0.0033246891415652634	0	0	0	0.005124722944665804	0.0019217711042496765	0	0	0.008023750300890637	0	0.0014601204599379448	0	0	0	0	0	0.004014411738139922	0	0	0	0.006141248720573183	0	0.003545344962064809	0	0.0019720365221163895	0	0.005968011458582	0	0.0008589146754161441	0	0.00896571510543681	0	0	0	0.0012607637706922854	0.0012607637706922854	0.0017806584875086806	0	0.0013756577363551949	0.0006878288681775974	0.0030680493342332945	0	0.002218057203695283	0	0.002159640635798203	0	0.0065758108796791	0	0.002363563308043206	0	0.01524274064476793	0.0019053425805959912	0.004895361644841513	0	0.002457274145790075	0	0.015010507355148604	0.0018763134193935755	0	0.005245764045533232	0.006744452687664396	0.0026977810750657585	0	0	0.0016127601583730475	0
34	0.006024023806942085	0	0.0017306727124833422	0	0	0	0.0017979144192736426	0	0.0010565463612543318	0	0	0	0.006566958349066671	0	0.003184693091126808	0.0006369386182253616	0	0	0.005094243504839531	0.0006367804381049414	0.0013285417261742647	0.0006642708630871324	0.0033246891415652634	0	0	0	0.005124722944665804	0.002562361472332902	0	0	0.008023750300890637	0	0.0014601204599379448	0.0003650301149844862	0	0	0	0	0.004014411738139922	0.0010036029345349806	0	0	0.006141248720573183	0	0.003545344962064809	0	0.0019720365221163895	0	0.005968011458582	0	0.0008589146754161441	0	0.00896571510543681	0	0	0	0.0012607637706922854	0.0012607637706922854	0.0017806584875086806	0	0.0013756577363551949	0.0006878288681775974	0.0030680493342332945	0	0.003327085805542925	0	0.002159640635798203	0	0.0065758108796791	0	0.002363563308043206	0	0.01524274064476793	0.0019053425805959912	0.004895361644841513	0	0.002457274145790075	0	0.015010507355148604	0.0018763134193935755	0	0.005245764045533232	0.006744452687664396	0.0026977810750657585	0	0	0.0016127601583730475	0
36	0.006024023806942085	0	0.0017306727124833422	0	0	0	0.0017979144192736426	0	0.0010565463612543318	0	0	0	0.006566958349066671	0	0.003184693091126808	0.0006369386182253616	0.0015964749832370127	0	0.005094243504839531	0.0025471217524197657	0.0013285417261742647	0.0006642708630871324	0.0033246891415652634	0	0	0	0.005124722944665804	0.003202951840416127	0	0	0.008023750300890637	0	0.0014601204599379448	0.0007300602299689724	0	0	0	0	0.004014411738139922	0.0010036029345349806	0	0	0.006141248720573183	0	0.003545344962064809	0	0.0019720365221163895	0	0.005968011458582	0	0.0008589146754161441	0	0.00896571510543681	0	0	0	0.0012607637706922854	0.0012607637706922854	0.0017806584875086806	0	0.0013756577363551949	0.0006878288681775974	0.0030680493342332945	0.0030680493342332945	0.003327085805542925	0	0.002159640635798203	0	0.0065758108796791	0	0.002363563308043206	0	0.01524274064476793	0.0019053425805959912	0.004895361644841513	0	0.002457274145790075	0	0.015010507355148604	0.0018763134193935755	0	0.005245764045533232	0.006744452687664396	0.0026977810750657585	0.0035398230088495575	0	0.0016127601583730475	0
38	0.006024023806942085	0	0.0017306727124833422	0	0	0	0.0017979144192736426	0	0.0010565463612543318	0	0	0	0.006566958349066671	0	0.003184693091126808	0.0006369386182253616	0.0031929499664740254	0	0.005094243504839531	0.0025471217524197657	0.0013285417261742647	0.0013285417261742647	0.0033246891415652634	0	0	0	0.005124722944665804	0.003843542208499353	0	0	0.008023750300890637	0	0.0014601204599379448	0.0007300602299689724	0	0	0	0	0.004014411738139922	0.0010036029345349806	0	0	0.006141248720573183	0	0.003545344962064809	0	0.0019720365221163895	0	0.005968011458582	0	0.0008589146754161441	0	0.00896571510543681	0	0	0	0.0037822913120768562	0.0012607637706922854	0.0017806584875086806	0	0.0013756577363551949	0.0006878288681775974	0.0030680493342332945	0.0030680493342332945	0.003327085805542925	0	0.002159640635798203	0	0.0065758108796791	0	0.002363563308043206	0	0.01524274064476793	0.0019053425805959912	0.004895361644841513	0	0.002457274145790075	0	0.015010507355148604	0.0018763134193935755	0	0.005245764045533232	0.006744452687664396	0.0040466716125986376	0.0035398230088495575	0	0.0016127601583730475	0
40	0.006024023806942085	0.001204804761388417	0.0017306727124833422	0	0	0	0.0017979144192736426	0	0.0010565463612543318	0.0010565463612543318	0	0	0.006566958349066671	0	0.003184693091126808	0.0012738772364507232	0.0031929499664740254	0	0.005094243504839531	0.0025471217524197657	0.0013285417261742647	0.0013285417261742647	0.0033246891415652634	0	0	0	0.005124722944665804	0.003843542208499353	0	0	0.008023750300890637	0	0.0014601204599379448	0.0010950903449534585	0	0	0	0	0.004014411738139922	0.0010036029345349806	0	0	0.006141248720573183	0	0.003545344962064809	0	0.0019720365221163895	0.0009860182610581948	0.005968011458582	0	0.0008589146754161441	0.00042945733770807207	0.00896571510543681	0	0	0	0.0037822913120768562	0.002521527541384571	0.0017806584875086806	0	0.0013756577363551949	0.0006878288681775974	0.0030680493342332945	0.0030680493342332945	0.003327085805542925	0	0.002159640635798203	0	0.0065758108796791	0	0.002363563308043206	0	0.01524274064476793	0.0019053425805959912	0.004895361644841513	0	0.002457274145790075	0	0.015010507355148604	0.0018763134193935755	0	0.005245764045533232	0.006744452687664396	0.0040466716125986376	0.0035398230088495575	0	0.0016127601583730475	0
42	0.006024023806942085	0.001204804761388417	0.0017306727124833422	0	0	0	0.0017979144192736426	0	0.0010565463612543318	0.0010565463612543318	0	0	0.006566958349066671	0.0016417395872666677	0.004458570327577531	0.0012738772364507232	0.0031929499664740254	0	0.005094243504839531	0.0025471217524197657	0.0013285417261742647	0.0013285417261742647	0.0033246891415652634	0	0	0	0.005124722944665804	0.003843542208499353	0	0	0.008023750300890637	0	0.0014601204599379448	0.0021901806899069175	0	0	0	0	0.004014411738139922	0.0010036029345349806	0	0	0.006141248720573183	0	0.003545344962064809	0	0.0019720365221163895	0.0009860182610581948	0.005968011458582	0	0.0008589146754161441	0.0008589146754161441	0.00896571510543681	0	0	0	0.0037822913120768562	0.0037822913120768562	0.0017806584875086806	0	0.0013756577363551949	0.0006878288681775974	0.0030680493342332945	0.0030680493342332945	0.003327085805542925	0	0.002159640635798203	0	0.0065758108796791	0	0.002363563308043206	0	0.01524274064476793	0.0019053425805959912	0.004895361644841513	0	0.002457274145790075	0	0.015010507355148604	0.0018763134193935755	0	0.005245764045533232	0.006744452687664396	0.0040466716125986376	0.0035398230088495575	0	0.0016127601583730475	0
44	0.006024023806942085	0.001204804761388417	0.0017306727124833422	0	0	0	0.0017979144192736426	0	0.0010565463612543318	0.0010565463612543318	0	0	0.006566958349066671	0.0016417395872666677	0.004458570327577531	0.0012738772364507232	0.0031929499664740254	0	0.005094243504839531	0.0025471217524197657	0.0013285417261742647	0.0013285417261742647	0.0033246891415652634	0	0	0	0.005124722944665804	0.003843542208499353	0	0	0.008023750300890637	0	0.0014601204599379448	0.0021901806899069175	0	0	0.0028795208477309375	0	0.004014411738139922	0.0015054044018024708	0	0	0.006141248720573183	0	0.003545344962064809	0	0.0019720365221163895	0.0009860182610581948	0.005968011458582	0	0.0008589146754161441	0.0012883720131242162	0.00896571510543681	0	0	0	0.0037822913120768562	0.0037822913120768562	0.0017806584875086806	0	0.0013756577363551949	0.0006878288681775974	0.006136098668466589	0.0030680493342332945	0.003327085805542925	0	0.002159640635798203	0	0.0065758108796791	0	0.002363563308043206	0	0.01524274064476793	0.0019053425805959912	0.004895361644841513	0	0.002457274145790075	0.0006143185364475188	0.015010507355148604	0.0028144701290903633	0	0.005245764045533232	0.006744452687664396	0.0040466716125986376	0.0035398230088495575	0	0.002419140237559571	0
46	0.006024023806942085	0.001204804761388417	0.0017306727124833422	0	0	0	0.0017979144192736426	0.00044947860481841064	0.0010565463612543318	0.0010565463612543318	0	0	0.006566958349066671	0.0016417395872666677	0.005095508945802893	0.0012738772364507232	0.0031929499664740254	0	0.005094243504839531	0.0025471217524197657	0.0013285417261742647	0.001992812589261397	0.0033246891415652634	0	0	0	0.0070464940489154805	0.003843542208499353	0	0	0.008023750300890637	0	0.0014601204599379448	0.0021901806899069175	0	0	0.005759041695461875	0	0.006021617607209883	0.002007205869069961	0	0	0.007164790174002047	0	0.003545344962064809	0	0.002465045652645487	0.0009860182610581948	0.005968011458582	0	0.0008589146754161441	0.0017178293508322883	0.00896571510543681	0	0	0	0.0037822913120768562	0.0037822913120768562	0.0017806584875086806	0	0.0013756577363551949	0.0006878288681775974	0.007670123335583237	0.0030680493342332945	0.003327085805542925	0	0.0032394609536973047	0	0.0065758108796791	0	0.002363563308043206	0	0.01524274064476793	0.0019053425805959912	0.004895361644841513	0	0.002457274145790075	0.0012286370728950375	0.015010507355148604	0.003752626838787151	0.002622882022766616	0.005245764045533232	0.008093343225197275	0.0040466716125986376	0.0035398230088495575	0	0.003225520316746095	0
48	0.006024023806942085	0.001204804761388417	0.0017306727124833422	0	0	0	0.0017979144192736426	0.0008989572096368213	0.0010565463612543318	0.0010565463612543318	0	0	0.006566958349066671	0.0016417395872666677	0.005095508945802893	0.0012738772364507232	0.0031929499664740254	0	0.006367804381049414	0.0025471217524197657	0.0013285417261742647	0.001992812589261397	0.0033246891415652634	0.0033246891415652634	0	0	0.008968265153165157	0.003843542208499353	0	0	0.008023750300890637	0	0.0014601204599379448	0.0021901806899069175	0	0	0.005759041695461875	0	0.008028823476279845	0.003010808803604942	0	0	0.008188331627430911	0	0.003545344962064809	0	0.0029580547831745845	0.0009860182610581948	0.005968011458582	0	0.0008589146754161441	0.0017178293508322883	0.00896571510543681	0	0	0	0.0037822913120768562	0.0037822913120768562	0.0017806584875086806	0	0.0013756577363551949	0.0006878288681775974	0.009204148002699884	0.0030680493342332945	0.003327085805542925	0	0.004319281271596406	0	0.0065758108796791	0	0.002363563308043206	0	0.01524274064476793	0.0019053425805959912	0.004895361644841513	0	0.002457274145790075	0.0012286370728950375	0.015010507355148604	0.003752626838787151	0.005245764045533232	0.005245764045533232	0.008093343225197275	0.0040466716125986376	0.0035398230088495575	0	0.004031900395932619	0
50	0.006024023806942085	0.001204804761388417	0.0017306727124833422	0	0	0	0.0017979144192736426	0.0008989572096368213	0.0010565463612543318	0.0010565463612543318	0	0	0.006566958349066671	0.0016417395872666677	0.005095508945802893	0.0012738772364507232	0.0031929499664740254	0	0.007641365257259297	0.0025471217524197657	0.0013285417261742647	0.001992812589261397	0.0033246891415652634	0.0033246891415652634	0	0	0.008968265153165157	0.003843542208499353	0	0	0.008023750300890637	0	0.0014601204599379448	0.0025552108048914036	0	0	0.005759041695461875	0	0.008028823476279845	0.003010808803604942	0	0	0.008188331627430911	0	0.003545344962064809	0	0.0029580547831745845	0.0009860182610581948	0.005968011458582	0	0.0008589146754161441	0.00214728668854036	0.00896571510543681	0	0	0.0008581481163648846	0.0037822913120768562	0.0037822913120768562	0.0017806584875086806	0	0.0013756577363551949	0.0006878288681775974	0.009204148002699884	0.0030680493342332945	0.003327085805542925	0	0.004319281271596406	0	0.0065758108796791	0	0.002363563308043206	0	0.01524274064476793	0.0019053425805959912	0.004895361644841513	0	0.002457274145790075	0.0012286370728950375	0.015010507355148604	0.003752626838787151	0.005245764045533232	0.005245764045533232	0.008093343225197275	0.0040466716125986376	0.007079646017699115	0	0.004031900395932619	0
52	0.006024023806942085	0.001204804761388417	0.0017306727124833422	0	0	0	0.0017979144192736426	0.0013484358144552318	0.0021130927225086636	0.0010565463612543318	0	0	0.006566958349066671	0.0016417395872666677	0.005095508945802893	0.0012738772364507232	0.0031929499664740254	0	0.007641365257259297	0.0025471217524197657	0.001660677157717831	0.002324948020804963	0.0033246891415652634	0.0033246891415652634	0	0	0.008968265153165157	0.003843542208499353	0	0	0.008023750300890637	0	0.0021901806899069175	0.0029202409198758896	0	0	0.005759041695461875	0	0.008028823476279845	0.004014411738139922	0	0	0.008188331627430911	0	0.003545344962064809	0	0.0029580547831745845	0.0009860182610581948	0.005968011458582	0	0.0012883720131242162	0.0025767440262484324	0.00896571510543681	0	0	0.0017162962327297692	0.0037822913120768562	0.0037822913120768562	0.0017806584875086806	0	0.0013756577363551949	0.0006878288681775974	0.009204148002699884	0.0030680493342332945	0.003327085805542925	0	0.004319281271596406	0	0.0065758108796791	0	0.002363563308043206	0	0.019053425805959912	0.0019053425805959912	0.004895361644841513	0	0.002457274145790075	0.0018429556093425563	0.015010507355148604	0.003752626838787151	0.005245764045533232	0.005245764045533232	0.008093343225197275	0.0040466716125986376	0.010619469026548672	0	0.004031900395932619	0.0004031900395932619
54	0.006024023806942085	0.001204804761388417	0.0017306727124833422	0	0	0	0.0017979144192736426	0.0017979144192736426	0.0021130927225086636	0.0010565463612543318	0	0	0.006566958349066671	0.0016417395872666677	0.006369386182253616	0.001592346545563404	0.0031929499664740254	0	0.007641365257259297	0.0025471217524197657	0.001992812589261397	0.0026570834523485295	0.0033246891415652634	0.0033246891415652634	0	0	0.008968265153165157	0.003843542208499353	0	0	0.008023750300890637	0	0.0021901806899069175	0.0029202409198758896	0	0	0.005759041695461875	0	0.008028823476279845	0.004014411738139922	0	0	0.008188331627430911	0	0.003545344962064809	0	0.003451063913703682	0.0009860182610581948	0.005968011458582	0	0.0017178293508322883	0.0034356587016645766	0.00896571510543681	0	0	0.0017162962327297692	0.0037822913120768562	0.0037822913120768562	0.0017806584875086806	0	0.0027513154727103898	0.0006878288681775974	0.009204148002699884	0.0030680493342332945	0.003327085805542925	0	0.004319281271596406	0	0.0065758108796791	0	0.002363563308043206	0	0.019053425805959912	0.0019053425805959912	0.004895361644841513	0	0.0036859112186851126	0.002457274145790075	0.01688682077454218	0.003752626838787151	0.005245764045533232	0.005245764045533232	0.008093343225197275	0.0040466716125986376	0.01592920353982301	0	0.004031900395932619	0.0008063800791865238
56	0.006024023806942085	0.001204804761388417	0.0017306727124833422	0	0	0	0.0017979144192736426	0.0022473930240920533	0.0021130927225086636	0.0010565463612543318	0	0	0.006566958349066671	0.0016417395872666677	0.007643263418704339	0.0019108158546760848	0.0031929499664740254	0	0.007641365257259297	0.0025471217524197657	0.001992812589261397	0.0026570834523485295	0.0033246891415652634	0.0033246891415652634	0	0	0.008968265153165157	0.003843542208499353	0	0	0.008023750300890637	0	0.0021901806899069175	0.003285271034860376	0	0	0.01151808339092375	0	0.008028823476279845	0.004014411738139922	0	0	0.008188331627430911	0	0.003545344962064809	0	0.003944073044232779	0.0009860182610581948	0.00671401289090475	0	0.0017178293508322883	0.0034356587016645766	0.00896571510543681	0.000896571510543681	0	0.0034325924654595385	0.0037822913120768562	0.004412673197422999	0.0017806584875086806	0	0.004126973209065584	0.0006878288681775974	0.009204148002699884	0.0030680493342332945	0.003327085805542925	0	0.004319281271596406	0	0.0065758108796791	0	0.002363563308043206	0	0.019053425805959912	0.0019053425805959912	0.004895361644841513	0	0.007371822437370225	0.002457274145790075	0.01688682077454218	0.003752626838787151	0.005245764045533232	0.005245764045533232	0.008093343225197275	0.0040466716125986376	0.017699115044247787	0	0.004031900395932619	0.0008063800791865238
58	0.006024023806942085	0.001204804761388417	0.0017306727124833422	0	0	0	0.0022473930240920533	0.002696871628910464	0.0021130927225086636	0.0010565463612543318	0	0	0.006566958349066671	0.0016417395872666677	0.007643263418704339	0.0019108158546760848	0.0031929499664740254	0	0.007641365257259297	0.0025471217524197657	0.001992812589261397	0.0026570834523485295	0.0033246891415652634	0.0033246891415652634	0	0	0.008968265153165157	0.003843542208499353	0	0	0.01337291716815106	0	0.0021901806899069175	0.004015331264829348	0	0	0.01151808339092375	0	0.008028823476279845	0.004014411738139922	0	0	0.008188331627430911	0	0.003545344962064809	0	0.004930091305290974	0.0009860182610581948	0.0074600143232275	0.00074600143232275	0.00214728668854036	0.0034356587016645766	0.00896571510543681	0.001793143021087362	0.0008581481163648846	0.0051488886981893075	0.0037822913120768562	0.005043055082769142	0.0017806584875086806	0	0.005846545379509578	0.0013756577363551949	0.009204148002699884	0.0030680493342332945	0.003881600106466746	0.0011090286018476416	0.004319281271596406	0	0.0065758108796791	0	0.002363563308043206	0	0.019053425805959912	0.0019053425805959912	0.004895361644841513	0	0.007371822437370225	0.002457274145790075	0.01688682077454218	0.004690783548483939	0.005245764045533232	0.005245764045533232	0.008093343225197275	0.005395562150131517	0.017699115044247787	0	0.004031900395932619	0.0016127601583730475
60	0.006024023806942085	0.001204804761388417	0.0017306727124833422	0	0	0	0.002696871628910464	0.002696871628910464	0.0021130927225086636	0.0021130927225086636	0	0	0.008208697936333338	0.0016417395872666677	0.007643263418704339	0.0019108158546760848	0.0031929499664740254	0	0.007641365257259297	0.0038206826286296485	0.0026570834523485295	0.0026570834523485295	0.0033246891415652634	0.0033246891415652634	0	0	0.008968265153165157	0.003843542208499353	0	0	0.01337291716815106	0	0.0025552108048914036	0.004380361379813835	0	0	0.01151808339092375	0	0.008028823476279845	0.004014411738139922	0	0	0.008188331627430911	0	0.003545344962064809	0	0.004930091305290974	0.0009860182610581948	0.0074600143232275	0.0014920028646455	0.0038651160393726484	0.0034356587016645766	0.00896571510543681	0.003586286042174724	0.0017162962327297692	0.0051488886981893075	0.0037822913120768562	0.005043055082769142	0.002670987731263021	0	0.006190459813598377	0.0013756577363551949	0.009204148002699884	0.0030680493342332945	0.004436114407390566	0.0011090286018476416	0.004319281271596406	0	0.0065758108796791	0	0.002363563308043206	0	0.019053425805959912	0.0019053425805959912	0.004895361644841513	0.0012238404112103782	0.007371822437370225	0.002457274145790075	0.01688682077454218	0.005628940258180727	0.005245764045533232	0.007868646068299848	0.008093343225197275	0.005395562150131517	0.017699115044247787	0	0.004838280475119142	0.002419140237559571
62	0.006024023806942085	0.001204804761388417	0.0017306727124833422	0	0	0	0.002696871628910464	0.002696871628910464	0.0021130927225086636	0.0021130927225086636	0	0	0.008208697936333338	0.0016417395872666677	0.008280202036929701	0.003184693091126808	0.0031929499664740254	0	0.008278145695364239	0.0038206826286296485	0.0026570834523485295	0.0026570834523485295	0.0033246891415652634	0.0033246891415652634	0	0	0.008968265153165157	0.005124722944665804	0	0	0.01337291716815106	0	0.0029202409198758896	0.004380361379813835	0	0	0.01151808339092375	0	0.008028823476279845	0.004014411738139922	0	0.0038929440389294406	0.008188331627430911	0	0.003545344962064809	0	0.004930091305290974	0.001479027391587292	0.0074600143232275	0.0014920028646455	0.006871317403329153	0.0034356587016645766	0.00896571510543681	0.003586286042174724	0.0017162962327297692	0.0051488886981893075	0.0037822913120768562	0.0069342007388075695	0.0035613169750173613	0	0.006190459813598377	0.0013756577363551949	0.015340246671166473	0.0030680493342332945	0.005545143009238208	0.0011090286018476416	0.004319281271596406	0	0.0065758108796791	0	0.002363563308043206	0	0.0209587683865559	0.0019053425805959912	0.004895361644841513	0.0024476808224207563	0.007986140973817744	0.002457274145790075	0.01688682077454218	0.005628940258180727	0.005245764045533232	0.010491528091066463	0.008093343225197275	0.005395562150131517	0.017699115044247787	0	0.005644660554305667	0.002419140237559571
64	0.006024023806942085	0.001204804761388417	0.0017306727124833422	0	0	0	0.002696871628910464	0.002696871628910464	0.0021130927225086636	0.0021130927225086636	0	0	0.008208697936333338	0.0016417395872666677	0.008280202036929701	0.003503162400239489	0.004789424949711038	0	0.00891492613346918	0.0038206826286296485	0.0026570834523485295	0.0026570834523485295	0.006649378283130527	0.0033246891415652634	0	0	0.008968265153165157	0.005124722944665804	0	0	0.01337291716815106	0	0.0029202409198758896	0.004745391494798321	0	0	0.01151808339092375	0	0.008530624943547335	0.004014411738139922	0	0.0038929440389294406	0.008188331627430911	0	0.003545344962064809	0	0.005916109566349169	0.0029580547831745845	0.0074600143232275	0.0014920028646455	0.006871317403329153	0.0034356587016645766	0.00896571510543681	0.003586286042174724	0.0017162962327297692	0.0051488886981893075	0.0037822913120768562	0.0075645826241537125	0.0035613169750173613	0.0017806584875086806	0.006190459813598377	0.0027513154727103898	0.015340246671166473	0.0030680493342332945	0.00665417161108585	0.0011090286018476416	0.004319281271596406	0	0.0065758108796791	0.0065758108796791	0.002363563308043206	0	0.0209587683865559	0.0019053425805959912	0.004895361644841513	0.0024476808224207563	0.008600459510265264	0.002457274145790075	0.01688682077454218	0.005628940258180727	0.005245764045533232	0.010491528091066463	0.010791124300263034	0.005395562150131517	0.017699115044247787	0	0.005644660554305667	0.002419140237559571
66	0.006024023806942085	0.001204804761388417	0.0017306727124833422	0	0	0	0.003146350233728875	0.002696871628910464	0.0021130927225086636	0.0021130927225086636	0	0	0.008208697936333338	0.006566958349066671	0.008280202036929701	0.0041401010184648505	0.006385899932948051	0	0.00891492613346918	0.0038206826286296485	0.0026570834523485295	0.003321354315435662	0.006649378283130527	0.0033246891415652634	0.002760600706713781	0	0.008968265153165157	0.005765313312749029	0	0	0.01337291716815106	0	0.0029202409198758896	0.006205511954736266	0	0	0.01151808339092375	0	0.009032426410814825	0.004014411738139922	0	0.004866180048661801	0.008188331627430911	0	0.003545344962064809	0	0.006902127827407363	0.004437082174761877	0.0074600143232275	0.0014920028646455	0.006871317403329153	0.0034356587016645766	0.00896571510543681	0.003586286042174724	0.0017162962327297692	0.0051488886981893075	0.0037822913120768562	0.008825346394845997	0.0035613169750173613	0.008012963193789063	0.006190459813598377	0.003439144340887987	0.015340246671166473	0.0030680493342332945	0.00665417161108585	0.0011090286018476416	0.0064789219073946094	0	0.0065758108796791	0.0065758108796791	0.002363563308043206	0	0.0209587683865559	0.0038106851611919824	0.004895361644841513	0.0024476808224207563	0.008600459510265264	0.003071592682237594	0.01688682077454218	0.005628940258180727	0.005245764045533232	0.010491528091066463	0.011465569569029475	0.009442233762730155	0.017699115044247787	0	0.005644660554305667	0.0028223302771528333
68	0.006024023806942085	0.003614414284165251	0.0017306727124833422	0	0	0	0.003595828838547285	0.002696871628910464	0.0021130927225086636	0.004754458625644493	0	0	0.008208697936333338	0.009850437523600007	0.008280202036929701	0.006369386182253616	0.006385899932948051	0	0.00891492613346918	0.006367804381049415	0.003321354315435662	0.004317760610066361	0.006649378283130527	0.0033246891415652634	0.005521201413427562	0	0.008968265153165157	0.006405903680832255	0	0	0.01337291716815106	0	0.0029202409198758896	0.007300602299689724	0	0	0.01151808339092375	0	0.009534227878082314	0.008028823476279845	0	0.00583941605839416	0.008188331627430911	0	0.003545344962064809	0	0.006902127827407363	0.006409118696878266	0.0074600143232275	0.00223800429696825	0.006871317403329153	0.003865116039372649	0.00896571510543681	0.003586286042174724	0.0017162962327297692	0.0051488886981893075	0.0037822913120768562	0.00945572828019214	0.0035613169750173613	0.011574280168806425	0.006190459813598377	0.003439144340887987	0.015340246671166473	0.0030680493342332945	0.00665417161108585	0.0011090286018476416	0.0064789219073946094	0	0.0065758108796791	0.0065758108796791	0.002363563308043206	0.001181781654021603	0.022864110967151893	0.005716027741787973	0.009790723289683025	0.0024476808224207563	0.008600459510265264	0.0036859112186851126	0.01688682077454218	0.007505253677574302	0.007868646068299848	0.010491528091066463	0.012140014837795914	0.017535576987927428	0.017699115044247787	0.005309734513274336	0.005644660554305667	0.003225520316746095
70	0.006024023806942085	0.004216816664859459	0.0017306727124833422	0	0	0	0.003595828838547285	0.002696871628910464	0.0021130927225086636	0.005282731806271659	0.0015048456028411484	0	0.008208697936333338	0.013133916698133342	0.008280202036929701	0.013375710982732594	0.006385899932948051	0	0.00891492613346918	0.010188487009679063	0.003321354315435662	0.00697484406241489	0.006649378283130527	0.0033246891415652634	0.005521201413427562	0	0.008968265153165157	0.0070464940489154805	0	0	0.01337291716815106	0.002674583433630212	0.0029202409198758896	0.010220843219565614	0	0	0.01151808339092375	0	0.010036029345349806	0.010036029345349806	0.0038929440389294406	0.00583941605839416	0.008188331627430911	0	0.003545344962064809	0	0.007395136957936461	0.009860182610581948	0.0074600143232275	0.002984005729291	0.006871317403329153	0.005153488052496866	0.00896571510543681	0.003586286042174724	0.0025744443490946537	0.0051488886981893075	0.0063038188534614275	0.01134687393623057	0.0035613169750173613	0.013354938656315105	0.006190459813598377	0.004126973209065585	0.015340246671166473	0.0030680493342332945	0.007763200212933492	0.002218057203695283	0.0064789219073946094	0.002159640635798203	0.0065758108796791	0.0065758108796791	0.002363563308043206	0.005908908270108015	0.024769453547747886	0.007621370322383965	0.009790723289683025	0.0024476808224207563	0.008600459510265264	0.007371822437370225	0.01688682077454218	0.007505253677574302	0.010491528091066463	0.010491528091066463	0.012140014837795914	0.02090780333175963	0.017699115044247787	0.007079646017699115	0.006451040633492191	0.006047850593898929
72	0.009638438091107336	0.006024023806942085	0.0017306727124833422	0	0	0	0.004045307443365696	0.004494786048184107	0.0021130927225086636	0.005282731806271659	0.003009691205682297	0	0.008208697936333338	0.018059135459933345	0.008280202036929701	0.019745097164986212	0.006385899932948051	0	0.00891492613346918	0.012098828323993886	0.004317760610066361	0.008635521220132721	0.006649378283130527	0.0033246891415652634	0.005521201413427562	0	0.008968265153165157	0.007687084416998706	0	0	0.01337291716815106	0.005349166867260424	0.0029202409198758896	0.012411023909472532	0	0	0.01151808339092375	0	0.011039632279884786	0.01605764695255969	0.0038929440389294406	0.00875912408759124	0.008188331627430911	0	0.003545344962064809	0	0.009860182610581948	0.012325228263227435	0.0074600143232275	0.002984005729291	0.007730232078745298	0.012024805455826019	0.00896571510543681	0.004482857552718405	0.0034325924654595385	0.006007036814554192	0.0075645826241537125	0.015129165248307423	0.0035613169750173613	0.015135597143823785	0.007566117549953571	0.004814802077243182	0.015340246671166473	0.0030680493342332945	0.007763200212933492	0.004436114407390566	0.0064789219073946094	0.004319281271596406	0.0065758108796791	0.0065758108796791	0.002363563308043206	0.007090689924129618	0.024769453547747886	0.007621370322383965	0.009790723289683025	0.0024476808224207563	0.008600459510265264	0.007371822437370225	0.01688682077454218	0.008443410387271089	0.015737292136599697	0.010491528091066463	0.012140014837795914	0.026977810750657583	0.019469026548672566	0.012389380530973451	0.007257420712678714	0.009676560950238285
74	0.009638438091107336	0.006024023806942085	0.0017306727124833422	0.0034613454249666845	0	0	0.004494786048184107	0.005393743257820927	0.0026413659031358297	0.005811004986898825	0.003009691205682297	0	0.012313046904500007	0.019700875047200014	0.008598671346042381	0.024522136801676423	0.006385899932948051	0.006385899932948051	0.00891492613346918	0.014009169638308712	0.005314166904697059	0.009964062946306987	0.006649378283130527	0.0033246891415652634	0.005521201413427562	0	0.008968265153165157	0.008327674785081932	0	0.0011689070718877848	0.01337291716815106	0.009361042017705743	0.003285271034860376	0.01533126482934842	0	0.004372540445999125	0.01151808339092375	0	0.011039632279884786	0.02157746309250208	0.0038929440389294406	0.01167883211678832	0.008188331627430911	0.0030706243602865915	0.003545344962064809	0.008863362405162022	0.014297264785343825	0.01331124652428563	0.0074600143232275	0.004476008593936501	0.008589146754161442	0.014172092144366379	0.00896571510543681	0.0053794290632620855	0.0034325924654595385	0.010297777396378615	0.0075645826241537125	0.020172220331076567	0.0035613169750173613	0.019587243362595486	0.008253946418131168	0.006190459813598377	0.015340246671166473	0.007670123335583237	0.008317714513857311	0.00665417161108585	0.0064789219073946094	0.004319281271596406	0.008219763599598875	0.008219763599598875	0.002363563308043206	0.007090689924129618	0.024769453547747886	0.014290069354469935	0.009790723289683025	0.006119202056051891	0.009214778046712783	0.012900689265397895	0.01688682077454218	0.012196037226058241	0.015737292136599697	0.015737292136599697	0.015512241181628111	0.03507115397585486	0.021238938053097345	0.024778761061946902	0.010079750989831547	0.012498891227391118
76	0.010843242852495752	0.007831230949024711	0.0017306727124833422	0.004326681781208356	0	0	0.004494786048184107	0.008989572096368213	0.0031696390837629954	0.007395824528780322	0.006019382411364594	0.006019382411364594	0.013133916698133342	0.019700875047200014	0.010827956509831147	0.02770682989280323	0.006385899932948051	0.006385899932948051	0.011462047885888945	0.016556291390728478	0.005646302336240625	0.012621146398655515	0.006649378283130527	0.004987033712347895	0.005521201413427562	0.005521201413427562	0.008968265153165157	0.013452397729747736	0	0.011689070718877849	0.01337291716815106	0.010698333734520848	0.004380361379813834	0.0186165358642088	0	0.004372540445999125	0.01151808339092375	0	0.013046838148954748	0.025090073363374515	0.0038929440389294406	0.015571776155717762	0.008188331627430911	0.0040941658137154556	0.003545344962064809	0.021272069772388852	0.016269301307460213	0.015776292176931116	0.008206015755550251	0.004476008593936501	0.009877518767285657	0.018037208183739026	0.00896571510543681	0.0053794290632620855	0.0034325924654595385	0.010297777396378615	0.008194964509499855	0.021432984101768852	0.006232304706280382	0.025819548068875868	0.008597860852219967	0.011349176324930358	0.015340246671166473	0.009204148002699884	0.008872228814781133	0.011090286018476416	0.0064789219073946094	0.008638562543192813	0.009041739959558762	0.009041739959558762	0.002363563308043206	0.007090689924129618	0.02858013870893987	0.02381678225744989	0.009790723289683025	0.008566882878472647	0.0098290965831603	0.02027251170276812	0.018763134193935754	0.015010507355148604	0.015737292136599697	0.015737292136599697	0.021582248600526068	0.044513387738585014	0.02831858407079646	0.03008849557522124	0.011289321108611333	0.015724411544137215
78	0.012048047613884168	0.012048047613884168	0.0017306727124833422	0.008653363562416711	0	0	0.004494786048184107	0.010338007910823444	0.0031696390837629954	0.00898064407066182	0.006019382411364594	0.01053391921988804	0.013954786491766676	0.019700875047200014	0.018152750619422807	0.033439277456831486	0.006385899932948051	0.012771799865896102	0.015282730514518596	0.0184666327050433	0.008303385788589156	0.016938907008721877	0.006649378283130527	0.00997406742469579	0.005521201413427562	0.005521201413427562	0.010890036257414835	0.026264205091412245	0	0.014026884862653419	0.016047500601781273	0.010698333734520848	0.006570542069720752	0.022631867129038145	0	0.006558810668998688	0.0230361667818475	0.005759041695461875	0.01505404401802471	0.028100882166979455	0.0038929440389294406	0.017518248175182483	0.008188331627430911	0.0040941658137154556	0.003545344962064809	0.024817414734453664	0.019720365221163896	0.02070638348222209	0.008952017187873001	0.004476008593936501	0.010736433442701802	0.023620153573943967	0.00896571510543681	0.0053794290632620855	0.0034325924654595385	0.01287222174547327	0.008825346394845997	0.02269374787246114	0.008012963193789063	0.02760020655638455	0.009629604154486365	0.01788355057261753	0.015340246671166473	0.009204148002699884	0.009981257416628773	0.01996251483325755	0.008638562543192813	0.022676226675881133	0.01068569267947854	0.009863716319518651	0.004727126616086412	0.007090689924129618	0.03620150903132383	0.03048548128953586	0.009790723289683025	0.011014563700893404	0.013515007801845414	0.02580137853079579	0.018763134193935754	0.015010507355148604	0.015737292136599697	0.015737292136599697	0.024954474944358263	0.05125784042624941	0.03185840707964602	0.03185840707964602	0.014111651385764166	0.020159501979663094
80	0.013252852375272586	0.013855254755966795	0.0034613454249666845	0.012980045343625067	0	0	0.006292700467457749	0.011236965120460267	0.004754458625644493	0.013735102696306314	0.006019382411364594	0.015048456028411485	0.018059135459933345	0.019700875047200014	0.02356672887433838	0.04235641811198655	0.015964749832370128	0.014368274849133115	0.016556291390728478	0.019103413143148243	0.010628333809394118	0.01926385502952684	0.006649378283130527	0.00997406742469579	0.005521201413427562	0.005521201413427562	0.014092988097830961	0.03779483171691031	0	0.014026884862653419	0.018722084035411486	0.010698333734520848	0.008030662529658696	0.027377258623836467	0	0.00874508089199825	0.0230361667818475	0.005759041695461875	0.01906845575616463	0.03060988950331691	0.006812652068126521	0.017518248175182483	0.008188331627430911	0.007164790174002047	0.003545344962064809	0.024817414734453664	0.02218541087380938	0.02267842000433848	0.008952017187873001	0.004476008593936501	0.017178293508322885	0.029203098964148903	0.00986228661598049	0.006276000573805767	0.004290740581824423	0.013730369861838154	0.010086110165538283	0.03277985803799942	0.008903292437543403	0.03027119428764757	0.011005261890841559	0.020634866045327924	0.015340246671166473	0.015340246671166473	0.012199314620324059	0.029943772249886324	0.010798203178991016	0.023756046993780235	0.011507669039438426	0.01643952719919775	0.004727126616086412	0.008272471578151221	0.03620150903132383	0.03239082387013185	0.009790723289683025	0.017133765756945293	0.014129326338292933	0.033787519504613533	0.01970129090363254	0.015010507355148604	0.015737292136599697	0.015737292136599697	0.031024482363256223	0.0647467458015782	0.03716814159292035	0.035398230088495575	0.016933981662917	0.02338502229640919
82	0.013252852375272586	0.021686485704991508	0.006922690849933369	0.02249874526228345	0	0	0.00719165767709457	0.0125854009349155	0.005811004986898825	0.024828839489476798	0.006019382411364594	0.015048456028411485	0.019700875047200014	0.02052174484083335	0.02802529920191591	0.0464965191304514	0.03033302468150324	0.015964749832370128	0.01782985226693836	0.020376974019358125	0.012289010967111949	0.022917344776506067	0.006649378283130527	0.011636411995478421	0.005521201413427562	0.005521201413427562	0.016014759202080637	0.04420073539774256	0.007013442431326709	0.017533606078316773	0.0227339591858568	0.012035625451335954	0.0105858733345501	0.032487680233619275	0.004372540445999125	0.00874508089199825	0.0230361667818475	0.017277125086385625	0.024086470428839532	0.03261709537238687	0.009732360097323601	0.019464720194647202	0.011258955987717503	0.008188331627430911	0.010636034886194426	0.02659008721548607	0.023171429134867576	0.02662249304857126	0.008952017187873001	0.008952017187873001	0.019325580196863243	0.03564495902976998	0.012552001147611534	0.008069143594893129	0.007723333047283962	0.019737406676392344	0.012607637706922853	0.036562149350076276	0.012464609412560765	0.03205185277515625	0.012380919627196754	0.024417924820304707	0.01687427133828312	0.01840829600539977	0.01441737182401934	0.033270858055429245	0.010798203178991016	0.023756046993780235	0.011507669039438426	0.019727432639037302	0.007090689924129618	0.01181781654021603	0.0428702080634098	0.03429616645072784	0.015909925345734915	0.024476808224207565	0.02027251170276812	0.03685911218685113	0.02533023116181327	0.022515761032722903	0.020983056182132927	0.018360174159366312	0.039117825588453496	0.07014230795170973	0.049557522123893805	0.03716814159292035	0.019756311940069833	0.029029682850714854
84	0.015060059517355211	0.025903302369850965	0.006922690849933369	0.03028677246845849	0	0	0.008989572096368213	0.01483279395900755	0.007395824528780322	0.031696390837629956	0.009029073617046891	0.015048456028411485	0.019700875047200014	0.02134261463446668	0.030254584365704676	0.056369067712944504	0.0383153995976883	0.01915769979884415	0.020376974019358125	0.021650534895568008	0.014281823556373346	0.027567240818115995	0.00831172285391316	0.014961101137043686	0.011042402826855124	0.005521201413427562	0.021139482146746442	0.04932545834240837	0.018702513150204558	0.019871420222092345	0.02407125090267191	0.016047500601781273	0.01350611425442599	0.03905822230334002	0.004372540445999125	0.00874508089199825	0.0230361667818475	0.020156645934116563	0.028100882166979455	0.03713330857779428	0.014598540145985401	0.019464720194647202	0.012282497441146366	0.008188331627430911	0.021272069772388852	0.028362759696518473	0.02662249304857126	0.034510639137036815	0.008952017187873001	0.0134280257818095	0.023620153573943967	0.039080617731434564	0.012552001147611534	0.00896571510543681	0.008581481163648846	0.024886295374581653	0.013868401477615139	0.04223558631819156	0.016916255631332464	0.04095514521269966	0.017195721704439934	0.029576641331636688	0.01840829600539977	0.026078419340983004	0.018853486231409908	0.04158857256928657	0.015117484450587422	0.029155148583275742	0.012329645399398313	0.02712521987867629	0.007090689924129618	0.014181379848259236	0.05049157838579377	0.0419175367731118	0.018357606168155672	0.02570064863541794	0.02887297121303338	0.04054502340553624	0.03189732812969078	0.02908285800060042	0.020983056182132927	0.02360593820489954	0.04721116881365077	0.07823565117690699	0.05486725663716814	0.04247787610619469	0.022578642217222666	0.032658393207054215
86	0.01987927856290888	0.029517716654016216	0.010384036274900053	0.03115210882470016	0	0.00687096330905593	0.011236965120460265	0.017529665587918016	0.008452370890034654	0.03645084946327445	0.015048456028411485	0.015048456028411485	0.02298435422173335	0.023805224015366683	0.03726090916618366	0.06528620836809956	0.044701299530636354	0.01915769979884415	0.021013754457463066	0.03120224146714213	0.018267448734896143	0.031552865996638785	0.01994813484939158	0.023272823990956846	0.011042402826855124	0.005521201413427562	0.03395128950841095	0.05509077165515739	0.028053769725306838	0.026884862653419054	0.02407125090267191	0.03744416807082297	0.017156415404270854	0.046358824603029744	0.004372540445999125	0.0174901617839965	0.0230361667818475	0.0230361667818475	0.03211529390511938	0.04767113939041158	0.02141119221411192	0.02141119221411192	0.012282497441146366	0.014329580348004094	0.021272069772388852	0.03190810465858328	0.031059575223333136	0.038947721311798696	0.011936022917164	0.0134280257818095	0.028344184288732758	0.04509302045934757	0.012552001147611534	0.00986228661598049	0.010297777396378615	0.032609628421865614	0.015129165248307425	0.06051666099322969	0.02047757260634983	0.044516462187717015	0.023042267083949512	0.03164012793616948	0.01840829600539977	0.042952690679266124	0.02828022934711486	0.049351772782220055	0.029155148583275742	0.03779371112646855	0.014795574479277976	0.031235101678475728	0.007090689924129618	0.014181379848259236	0.05716027741787973	0.04763356451489978	0.02080528699057643	0.04283441439236324	0.03501615657750857	0.044230934624221355	0.03189732812969078	0.035649954968477934	0.020983056182132927	0.02622882022766616	0.05193228569501585	0.08767788493963714	0.06017699115044248	0.05486725663716814	0.02701373265274855	0.03628710356339357
88	0.02409609522776834	0.033132130938181466	0.014710718056108409	0.03115210882470016	0	0.01374192661811186	0.01483279395900755	0.019777058612010068	0.01162200997379765	0.04173358126954611	0.02106783843977608	0.015048456028411485	0.02298435422173335	0.02955131257080002	0.045541111203113355	0.0777065114234941	0.04629777451387337	0.01915769979884415	0.021650534895568008	0.03884360672440143	0.020592396755701105	0.034542084880530885	0.01994813484939158	0.024935168561739475	0.011042402826855124	0.016563604240282685	0.045481916133909006	0.05957490423173997	0.030391583869082407	0.028053769725306838	0.02407125090267191	0.03878145978763808	0.020806716554115715	0.05511954736265742	0.004372540445999125	0.028421512898994316	0.0230361667818475	0.028795208477309375	0.03462430124145683	0.06423058781023876	0.02141119221411192	0.02141119221411192	0.012282497441146366	0.019447287615148412	0.023044742253421256	0.042544139544777704	0.03451063913703682	0.047328876530793346	0.01417402721413225	0.016412031511100503	0.03263875766581348	0.05196433786267672	0.013448572658155215	0.011655429637067852	0.012014073629108384	0.034325924654595386	0.023954511643153424	0.0693420073880757	0.02314856033761285	0.05163909613775174	0.0261374969907487	0.03955015992021185	0.021476345339633062	0.05215683868196601	0.038261486763743635	0.060996573101620294	0.030234968901174844	0.04427263303386317	0.021371385358957076	0.03616695983823505	0.008272471578151221	0.014181379848259236	0.06001829128877372	0.05049157838579377	0.029372169869049072	0.050177456859625505	0.043616616087773834	0.05528866828027669	0.03189732812969078	0.04127889522665866	0.020983056182132927	0.02622882022766616	0.0647467458015782	0.09914345450866663	0.06371681415929203	0.07079646017699115	0.030239252969494645	0.03789986372176662
90	0.031324923796098844	0.03915615474512355	0.02422941797476679	0.04326681781208355	0	0.037790298199807615	0.016181229773462785	0.02876663070837828	0.022715746766968133	0.048072859437072096	0.02106783843977608	0.015048456028411485	0.02298435422173335	0.035297401126233356	0.0496812122215782	0.0878975293150999	0.04789424949711038	0.01915769979884415	0.02292409577177789	0.04584819154355578	0.0225852093449625	0.04151692894294578	0.023272823990956842	0.03490923598643527	0.011042402826855124	0.019324204946996465	0.05445018128707417	0.06598080791257223	0.03389830508474576	0.031560490940970194	0.025408542619487016	0.04279333493808339	0.025187077933929547	0.06607045081219201	0.004372540445999125	0.03279405334499344	0.03455425017277125	0.040313291868233125	0.03763511004506177	0.0727612127537861	0.02335766423357664	0.02141119221411192	0.012282497441146366	0.022517911975435005	0.02659008721548607	0.042544139544777704	0.03944073044232779	0.05225896783608432	0.019396037240391503	0.019396037240391503	0.03822170305601842	0.06055348461683817	0.015241715679242577	0.01703485870032994	0.016304814210932807	0.03861666523641981	0.026476039184537992	0.07438506247084484	0.02492921882512153	0.06321337630655817	0.029920555765725484	0.043677133129277436	0.024544394673866356	0.058292937350432596	0.04103405826836275	0.07264137342102053	0.030234968901174844	0.05291119557705598	0.024659290798796626	0.044386723437833925	0.010636034886194426	0.017726724810324043	0.06097096257907172	0.05811294870817773	0.036715212336311344	0.05507281850446702	0.046688208770011425	0.07064663169146466	0.0384644250975683	0.04503152206544581	0.02360593820489954	0.02622882022766616	0.07014230795170973	0.11128346934646252	0.06371681415929203	0.09380530973451327	0.035077533444613784	0.04556047447403859
92	0.03433693569956989	0.04518017855206564	0.032017445180941836	0.051920181374500274	0	0.05153222481791947	0.018878101402373247	0.04090255303847537	0.030111571295748457	0.05229904488208943	0.02106783843977608	0.019562992836934932	0.02298435422173335	0.0410434896816667	0.05859835287673327	0.09777007789759301	0.05108719946358441	0.031929499664740256	0.024834437086092717	0.051579215486500254	0.026902969955028864	0.047495366710729965	0.02825985770330474	0.048207992552696324	0.011042402826855124	0.022084805653710248	0.0602154945998232	0.07751143453807029	0.03623611922852133	0.04792518994739918	0.029420417769932334	0.06151541897349488	0.02993246942872787	0.08103668552655593	0.004372540445999125	0.03935286401399213	0.03743377102050219	0.046072333563695	0.042151323250469185	0.08580805090274084	0.02335766423357664	0.02238442822384428	0.012282497441146366	0.03172978505629478	0.028362759696518473	0.04608948450684251	0.04584984913920606	0.05472401348872981	0.023872045834328	0.020888040105037003	0.04079844708226685	0.06871317403329152	0.016138287189786257	0.026000573805766748	0.02059555479275723	0.044623702050974004	0.03277985803799942	0.0781673537829217	0.03383251126266493	0.0685553517690842	0.03507927227705747	0.0522749939814974	0.03221451800944959	0.06289501135178253	0.049351772782220055	0.08262263083764931	0.03239460953697305	0.05507083621285418	0.031235101678475728	0.04931858159759325	0.012999598194237634	0.022453851426410456	0.06763966161115768	0.0647816477402637	0.037939052747521726	0.07465426508383308	0.04975980145224902	0.08784755071199518	0.048784148904232966	0.0534749324527169	0.02885170225043278	0.02622882022766616	0.0816078775207392	0.13893572536588655	0.06548672566371681	0.10442477876106195	0.03991581391973292	0.05483384538468362
94	0.03614414284165251	0.053011409501090345	0.033748117893425175	0.05538152679946695	0.00687096330905593	0.05496770647244744	0.022024451636102123	0.04674577490111471	0.034337756740765786	0.054940410785225255	0.02106783843977608	0.027087220851140674	0.02544696360263335	0.0459687084434667	0.06751549353188832	0.10413946407984662	0.05108719946358441	0.031929499664740256	0.0337493632195619	0.054763117677024964	0.030224324270464523	0.05413807534160129	0.0365715805572179	0.05651971540660948	0.011042402826855124	0.022084805653710248	0.06662139828065546	0.09224501300398447	0.038573933372296906	0.05376972530683811	0.05081708523897403	0.07622562785846104	0.03577295126847965	0.09563789012593539	0.004372540445999125	0.052470485351989504	0.040313291868233125	0.05759041695461875	0.050681948194016516	0.0988548890516956	0.025304136253041364	0.027250608272506083	0.01842374616171955	0.0481064483111566	0.028362759696518473	0.04963482946890733	0.05127294957502613	0.0576820682719044	0.023872045834328	0.026856051563619	0.04509302045934757	0.07515503409891261	0.01703485870032994	0.035862860421747245	0.029177035956406076	0.05406333133098773	0.049169787056999134	0.08510155452172927	0.03561316975017361	0.07389732723161024	0.03783058774976786	0.059153282663273375	0.04908878934773271	0.07670123335583237	0.055451430092382084	0.08816777384688751	0.03995335176226676	0.058310297166551485	0.034523007118315276	0.0526064870374328	0.014181379848259236	0.035453449620648086	0.07240301806264766	0.0857404161268196	0.056296658915677394	0.08077346713988495	0.05098843852514406	0.09706232875870796	0.05910387271089763	0.06379465625938158	0.031474584273199394	0.031474584273199394	0.09037566601470291	0.16119241923517907	0.0743362831858407	0.12389380530973451	0.044350904355258805	0.06692954657248147
96	0.03915615474512355	0.05542101902386718	0.034613454249666845	0.058842872224433636	0.01374192661811186	0.05496770647244744	0.023822366055375764	0.05303847536857245	0.03962048854703744	0.06444932803651424	0.027087220851140674	0.033106603262505266	0.030372182364433353	0.05007305741163337	0.08025426589639556	0.11273813542588901	0.05108719946358441	0.03512244963121428	0.041390728476821195	0.05794701986754967	0.03387781401744375	0.06343786742482115	0.03823392512800053	0.05818205997739211	0.022084805653710248	0.022084805653710248	0.06854316938490512	0.10505682036564898	0.03974284044418469	0.05961426066627703	0.05349166867260424	0.0869239615929819	0.043803613798138345	0.10768388392042344	0.013117621337997376	0.06340183646698733	0.04319281271596406	0.05759041695461875	0.07075400688471613	0.10788731546251042	0.025304136253041364	0.03309002433090024	0.023541453428863872	0.05322415557830092	0.038998794582712895	0.056725519393036945	0.059654104794020786	0.0739513695793646	0.026856051563619	0.02909405586058725	0.05024650851184444	0.08546201020390634	0.018828001721417298	0.04034571797446564	0.030035184072770962	0.07036814554192053	0.05799513345184513	0.0914053733751907	0.044516462187717015	0.08101996118164498	0.04539670529972143	0.07428551776318051	0.059826962017549244	0.0813033073571823	0.06709623041178231	0.1042486885736783	0.046432273669661364	0.0626295784381479	0.04192079435795426	0.060826250637031676	0.014181379848259236	0.04845304781488573	0.08669308741711759	0.11241521225516349	0.06363970138293966	0.08322114796230572	0.06081753510830436	0.1075057438783158	0.06379465625938156	0.07036175322725907	0.031474584273199394	0.04196611236426585	0.10184123558373237	0.18277466783570512	0.08495575221238938	0.14513274336283186	0.047979614711598166	0.07459015732475345
98	0.04518017855206564	0.06505945711497452	0.046728163237050244	0.07528426299302539	0.037790298199807615	0.05496770647244744	0.0296655879180151	0.05618482560230133	0.045959766714563435	0.07131687938466741	0.027087220851140674	0.046650213688075606	0.03365566153896669	0.057460885554333374	0.08948987586066331	0.12579537709950891	0.060666049363006486	0.049490724480347394	0.049668874172185434	0.0674987264391238	0.03985625178522795	0.07140911778186673	0.059844404548174746	0.0681561274020879	0.03036660777385159	0.03036660777385159	0.07494907306573739	0.12299335067197929	0.04324956165984804	0.0701344243132671	0.05616625210623445	0.09494771189387252	0.05584960759262639	0.12118999817484943	0.013117621337997376	0.07433318758198514	0.051831375259156875	0.06046993780234969	0.07828102889372848	0.12043235214419767	0.025304136253041364	0.03795620437956204	0.02661207778915046	0.06448311156601842	0.038998794582712895	0.06204353683613416	0.06606322349089905	0.08627659784259203	0.02984005729291	0.032078061589878255	0.05969456994142201	0.09491007163348393	0.02600057380576675	0.041242289485009326	0.030893332189135845	0.07637518235647472	0.06240780664926812	0.09707881034330598	0.05341975462526043	0.09348457059420573	0.05124325067923101	0.08529077965402208	0.06749708535313248	0.08590538135853225	0.07929554503210637	0.11533897459215472	0.05507083621285418	0.07234796129923982	0.050962534317513034	0.065758108796791	0.018908506464345647	0.055543737739015345	0.09526712902979956	0.14385336483499733	0.0673112226165708	0.09178803084077836	0.07801845412883487	0.12593529997174135	0.06754728309816871	0.09006304413089163	0.031474584273199394	0.05245764045533232	0.11330680515276186	0.2212180481553922	0.11150442477876106	0.17168141592920355	0.05684979558264992	0.08305714815621196
100	0.051204202359007724	0.07409549282538765	0.05538152679946695	0.09432166283034216	0.05496770647244744	0.06183866978150337	0.038655160014383315	0.0633764832793959	0.05018595215958076	0.08346716253909221	0.028592066453981824	0.06922289773069283	0.036939140713500025	0.06895306266520004	0.09808854720670569	0.14968057528295997	0.07822727417861361	0.055876624413295446	0.05412633723892002	0.07959755476311767	0.046831095847642834	0.08602307676978366	0.06981847197287054	0.06981847197287054	0.03312720848056537	0.06073321554770318	0.08583910932315222	0.1454140135548922	0.06078316773816482	0.08883693746347165	0.07221375270801572	0.10163417047794807	0.07227596276692827	0.13725132323416683	0.017490161783996504	0.08307826847398339	0.06046993780234969	0.09214466712739	0.09283327144448571	0.13699180056402482	0.026277372262773723	0.058394160583941604	0.033776867963152504	0.07983623336745138	0.042544139544777704	0.06381620931716656	0.07000729653513182	0.09317872566999941	0.031332060157555505	0.04550608737168775	0.06699534468245924	0.10092247436139694	0.032276574379572515	0.04482857552718405	0.034325924654595386	0.08753110786921822	0.06619009796134498	0.11094721182092111	0.05609074235652344	0.10060720454424046	0.06190459813598377	0.09767169928121883	0.06903111002024913	0.09971160336258207	0.08705874524503987	0.1253202320087835	0.058310297166551485	0.08098652384243263	0.055894392477272355	0.06822403787667067	0.022453851426410456	0.06972511758727458	0.10479384193277952	0.16576480451185122	0.08444498837351609	0.10157875413046139	0.098290965831603	0.1369930336277967	0.0759906934854398	0.10319723806664666	0.031474584273199394	0.06294916854639879	0.14230795170971877	0.2502191947123491	0.12212389380530973	0.18761061946902655	0.06652635653288821	0.09555603938360308
102	0.06144504283080927	0.08011951663232973	0.058842872224433636	0.10037901732403384	0.05496770647244744	0.06183866978150337	0.04359942466738583	0.07056814095649047	0.053883864423970924	0.10248499704167019	0.04063083127671101	0.08728104496478661	0.040222619888033356	0.07305741163336671	0.10541334131629734	0.16464863281125597	0.07982374916185063	0.060666049363006486	0.05731023942944473	0.08787570045848192	0.051148856457709196	0.09598713971609063	0.0731431611144358	0.07646785025600106	0.03864840989399293	0.07453621908127209	0.09865091668481672	0.16783467643780509	0.06779661016949153	0.10637054354178843	0.0869239615929819	0.10698333734520848	0.08541704690636978	0.16097828070815845	0.03060778312199388	0.12680367293397465	0.07198802119327344	0.12381939645243031	0.10688371252797543	0.155558454852922	0.031143552311435525	0.06520681265206812	0.04605936540429888	0.09416581371545547	0.04608948450684251	0.06913422676026376	0.07543039697095191	0.10303890828058135	0.03804607304846025	0.06117211745046551	0.07171937539724804	0.10994107845326645	0.038552574953378285	0.05469086214316454	0.04290740581824423	0.09782888526559685	0.07438506247084484	0.1285979046106131	0.06499403479406685	0.12019444790683595	0.06878288681775974	0.11074044777659318	0.07670123335583236	0.11658587470086519	0.09149485965243044	0.13807406093003138	0.06046993780234969	0.08530580511402902	0.06000427427707179	0.07315589603643	0.035453449620648086	0.08981540570564182	0.12194192515814344	0.18481823031781114	0.09056419042956798	0.11014563700893404	0.10934869948765835	0.15480827118477475	0.08349594716301412	0.13134193935755029	0.036720348318732624	0.09704663484236478	0.16389020031024482	0.2812436770756053	0.1504424778761062	0.20530973451327433	0.07700929756231303	0.11692511148204596
104	0.0638546523535861	0.0921675642462139	0.06749623578685035	0.10989771724269223	0.05496770647244744	0.06527415143603134	0.052588996763754045	0.07865875584322186	0.06286450849463274	0.11040909475107769	0.04815505929091675	0.1023295009931981	0.043506099062566694	0.0820869793633334	0.11369354335322705	0.17897975172132663	0.08301669912832466	0.0766307991953766	0.06049414161996944	0.10697911360163015	0.05812370052012408	0.10395839007313623	0.0731431611144358	0.09309129596382738	0.049690812720848056	0.08005742049469965	0.11210331441456448	0.1908959296888012	0.07597895967270601	0.10987726475745178	0.09762229532750274	0.1123325042124689	0.09819310093082678	0.1858003285271035	0.041539134236991695	0.1639702667249672	0.07486754204100438	0.12669891730016125	0.11792334480786021	0.1746269106090866	0.035036496350364967	0.07493917274939173	0.06141248720573183	0.10440122824974411	0.05318017443097214	0.083315606608523	0.09120668914788302	0.11782918219645427	0.04103007877775125	0.06714012890904751	0.08073797948911755	0.12067751189596826	0.041242289485009326	0.0708291493329508	0.05406333133098773	0.11155925512743499	0.0825800269803447	0.1462485974003051	0.07211666874410158	0.13978169126943144	0.0821955497472229	0.12002613749699076	0.078235258022949	0.12579002270356507	0.1042486885736783	0.1569275471614413	0.0647892190739461	0.10258293020041465	0.06822403787667067	0.08137565963602887	0.04845304781488573	0.10990569382400908	0.14004267967380535	0.20196631354317507	0.09301187125198875	0.11993636029861707	0.11733484046147608	0.17938101264267547	0.08912488742119484	0.15479585709996999	0.04458899438703247	0.11278392697896449	0.1821002225669387	0.31226815943886155	0.1893805309734513	0.2336283185840708	0.08386352823539847	0.13426228318455619
106	0.07349309044469343	0.10722762376356912	0.07961094477423375	0.1142243990239006	0.05496770647244744	0.07558059639961523	0.05843221862639338	0.08764832793959007	0.06920378666215873	0.12520074380863833	0.06169866971648709	0.11888280262445072	0.04925218761800003	0.1017878544105334	0.12579537709950891	0.20063566474098893	0.09099907404450971	0.08301669912832466	0.06940906775343861	0.11907794192562404	0.06808776346643107	0.1169116719033353	0.07813019482678368	0.09641598510539265	0.05521201413427562	0.08833922261484099	0.130680435088978	0.2235660384610457	0.08649912331969609	0.12273524254821741	0.10163417047794807	0.12303083794698975	0.11206424530023726	0.21354261726592444	0.052470485351989504	0.19020550940096198	0.07774706288873531	0.13533747984335406	0.12996658002227998	0.20272779277606606	0.03990267639902677	0.08369829683698296	0.06857727737973388	0.11156601842374617	0.05849819187406935	0.08863362405162022	0.10501094480269774	0.1340984835039145	0.044760085939365	0.08056815469085701	0.08803875423015478	0.136996890728875	0.043035432506096684	0.08517429350164969	0.060070368145541925	0.11842444005835406	0.08951422771915227	0.16642081773138168	0.08458127815666233	0.170052885557079	0.09148123946762046	0.14066100354231867	0.07976928269006565	0.14113026937473155	0.11755703179585	0.18021714780024178	0.07450760193503801	0.11986005528680027	0.0723339196764701	0.08384158871590854	0.06027086435510175	0.12408707367226832	0.1676701470924472	0.22673576709092294	0.10157875413046139	0.1297270835883001	0.13576439655490163	0.1996535243454436	0.11257880516361453	0.18763134193935754	0.05245764045533232	0.13638986518386403	0.21514804073649424	0.3439670870708842	0.21769911504424777	0.27610619469026554	0.09233051906685696	0.15643773536218564
108	0.08313152853580077	0.12289008566161852	0.09518699918658383	0.12806978072376735	0.06183866978150337	0.09962896798131099	0.06607335490830638	0.0975368572455951	0.07924097709407489	0.13840757332431747	0.08126166255342201	0.1459700234755914	0.0656695834906667	0.1329809065686001	0.1493621059738473	0.21655913019662293	0.09419202401098375	0.10217439892716881	0.08214467651553745	0.1369077941925624	0.08137318072817372	0.12920068287044725	0.07979253939756632	0.12135115366713212	0.07729681978798586	0.08833922261484099	0.150538736499558	0.2607202798098728	0.1005260081823495	0.14494447691408532	0.10430875391157828	0.12838000481425016	0.12776054024457018	0.24201496623471436	0.06121556624398775	0.22737210319195453	0.10366275051831375	0.14109652153881594	0.14803143284390963	0.24538091749380275	0.0681265206812652	0.09440389294403893	0.08188331627430911	0.13203684749232342	0.060270864355101754	0.1169963837481387	0.1128990908911633	0.1503677848113747	0.05818811172117451	0.09772618763428026	0.09190387026952743	0.1567519282634463	0.047518290058815096	0.10131258069143595	0.07380073800738007	0.1330129580365571	0.10212186542607511	0.1815499829796891	0.09170391210669707	0.18607881194465714	0.10179867249028442	0.158888468549025	0.09357550469411548	0.15340246671166474	0.12753828921247878	0.2046157770408899	0.08098652384243263	0.1371371803731859	0.07562182511630966	0.09699321047526674	0.07445224420336098	0.16308586825498123	0.18196021644691715	0.24959987805807482	0.11136947742014441	0.14074164728919347	0.14620781167450947	0.229755132631372	0.1304037826478535	0.21671419993995797	0.06294916854639879	0.15212715732046372	0.2401025156808525	0.3749915694341404	0.2336283185840708	0.3292035398230089	0.101603889977502	0.1765972373418487
110	0.08975795472343706	0.13855254755966795	0.10384036274900053	0.14883785327356744	0.06527415143603134	0.10993541294489488	0.07326501258540094	0.11731391585760517	0.09931535795790719	0.14897303693686081	0.0993198097875158	0.1896105459579847	0.06977393245883337	0.1526817816158001	0.16305628626569257	0.2458583066349896	0.09738497397745777	0.14368274849133114	0.09042282221090167	0.16110545084055017	0.09067297281139358	0.14647172531071267	0.08644191768069685	0.13298756566261055	0.09109982332155478	0.09662102473498232	0.1755217608548038	0.2959527500544502	0.1157218001168907	0.17416715371127994	0.1096579207788387	0.14843938056647676	0.14966234714363935	0.2734075561233802	0.10712724092697858	0.2579798863139484	0.14109652153881594	0.1756507717115872	0.1706124988709467	0.2784998143334571	0.07396593673965937	0.11192214111922141	0.09621289662231321	0.16069600818833163	0.06558888179819897	0.14181379848259235	0.1301544104596817	0.17649726872941687	0.07161613750298401	0.1119002148484125	0.10049301702368887	0.1816604538505145	0.06186343422751399	0.11924401090230957	0.08753110786921822	0.16390629022569297	0.11725103067438254	0.19983105765472722	0.1104008262255382	0.19765309211346355	0.11486742098565877	0.17745984798982012	0.1104497760323986	0.18715100938823095	0.14195566103649815	0.23067794918430945	0.08854526606772634	0.15333448514167242	0.08137565963602887	0.11589866675434415	0.09336075066770663	0.1926304096055213	0.20006097096257908	0.2800853593476107	0.11993636029861707	0.15420389181250765	0.16279441215859247	0.26047105945374793	0.15761032722906035	0.24298258781146803	0.09704663484236478	0.17311021350259664	0.26640588116274366	0.4154582855601268	0.2513274336283186	0.37168141592920356	0.12055382183838531	0.2011918297570377
112	0.09819158805315598	0.16084143564535366	0.11335906266765891	0.18172063481075093	0.0687096330905593	0.11680637625395081	0.0800071916576771	0.13034879539733907	0.10459808976417885	0.16217986645253996	0.11737795702160958	0.21519292120628425	0.07880350018880006	0.1699200472821001	0.1770689358666505	0.27324666721868013	0.11175324882659089	0.1644369232734123	0.11016301579215487	0.18530310748853795	0.09864422316843915	0.16274636145634747	0.10639005253008843	0.14794866679965424	0.10490282685512367	0.1269876325088339	0.19730183336963347	0.3343881721394437	0.12156633547632964	0.2033898305084746	0.11634437936291422	0.1564631308673674	0.17338930461763097	0.30918050739185987	0.14210756449497158	0.3257542632269349	0.14397604238654688	0.20156645934116563	0.19068455756164632	0.31262231410764646	0.07883211678832117	0.132360097323601	0.10644831115660185	0.18628454452405324	0.0797702616464582	0.157767850811884	0.14740973002820013	0.19473860655899347	0.07833015039388876	0.1238362377655765	0.1107999931286826	0.19926820469654544	0.08338115048056233	0.1273131544972027	0.10297777396378614	0.1947996224148288	0.1298586683813054	0.22126404175649608	0.12642675261311634	0.21011770152602433	0.12484093957423392	0.19775079960105926	0.12118794870221514	0.19942320672516414	0.16413623307345096	0.25563109272588136	0.10366275051831375	0.16413268832066347	0.08959542323562775	0.1306942412336221	0.11226925713205228	0.21272069772388855	0.21625638289764498	0.3277189238625105	0.13095092399951047	0.17133765756945296	0.18921010922583578	0.29548721603125655	0.17824977484238969	0.26737466226358453	0.10491528091066464	0.20983056182132928	0.2967559182572334	0.4552505564173467	0.27964601769911507	0.4	0.13587504334292927	0.2286087524493795
114	0.11084203804773438	0.18373272611173358	0.11941641716135061	0.20941139821048443	0.0687096330905593	0.12367733956300674	0.08629989212513484	0.1474289823804387	0.11991801200236665	0.17749978869072774	0.1339312586528622	0.24980437007163064	0.1017878544105334	0.17977048480570013	0.1987248488863128	0.2949025802383424	0.11813914875953893	0.18678757303873048	0.12226184411614874	0.20185939887926643	0.10827615068320258	0.1820102164858743	0.1097147416716537	0.1562603896535674	0.11042402826855123	0.15735424028268552	0.22740958066954506	0.3632147387031889	0.13325540619520748	0.2244301578024547	0.12838000481425016	0.1698360480355185	0.19930644278152948	0.3486037598101843	0.17490161783996502	0.3519895059029296	0.15549412577747063	0.21308454273208938	0.2177818367940908	0.35075922561997575	0.0856447688564477	0.145985401459854	0.11463664278403275	0.20573183213920165	0.08508827908955541	0.17549457562220805	0.16565106785777672	0.2257981817823266	0.0910121747433755	0.14920028646455002	0.12668991462388127	0.2289007609984024	0.09682972313871754	0.1604863003873189	0.10812666266197546	0.2059555479275723	0.14372706985892053	0.24269702585826494	0.15936893463202692	0.2288146156448655	0.14513189118547307	0.21185129139870001	0.14726636804319815	0.20862735472786403	0.18576229080947998	0.28945646508223444	0.12201969592259848	0.17709053213545267	0.09206135231550741	0.15124365023261932	0.12408707367226832	0.2387198941123638	0.2400731651550949	0.35629906257145033	0.14196548770040385	0.19459062538245014	0.2094826209286039	0.33418928382745017	0.20920894626238368	0.31052987090963674	0.12065257304726434	0.22556785395792897	0.32778040062048963	0.4876239293181358	0.31858407079646023	0.4424778761061947	0.15603454532259237	0.2544129149833483
116	0.12710690232647798	0.2186720641919977	0.12980045343625068	0.2396981706789429	0.08932252301772708	0.14429022949017453	0.0975368572455951	0.1694534340165408	0.13259656833741865	0.20496999408334038	0.15951363390116174	0.26184313489435984	0.1379061253304001	0.20439657861470012	0.2127374984872708	0.3203801249673569	0.13570037357514608	0.2394712474855519	0.13754457463066735	0.2260570555272542	0.1199008907872274	0.2012740715154011	0.13132522109182793	0.16290976793669792	0.11042402826855123	0.1711572438162544	0.27032913533112113	0.39396307637118366	0.15312682641729983	0.25248392752776155	0.13239187996469548	0.1952445906550055	0.2226683701405366	0.3975177952181055	0.2186270222999563	0.4110188019239178	0.16413268832066344	0.230361667818475	0.26043496151182743	0.3919069459359099	0.097323600973236	0.18491484184914841	0.13510747185261002	0.2292732855680655	0.11522371126710629	0.1967666453945969	0.18142736003470783	0.25143465656983965	0.1148842205777035	0.17232633086655524	0.1442976654699122	0.2585333173002594	0.11207143881796011	0.19096973174580406	0.12443147687290826	0.22140221402214022	0.15570432568049725	0.26223886430399534	0.18073683648213107	0.2599761391762674	0.16301544175809057	0.2335179007462943	0.1595385653801313	0.22856967540038042	0.2084973771473566	0.32106378023489224	0.1360573600552868	0.2062456807187284	0.10685692679478538	0.15781946111229841	0.1654494315630244	0.2659008721548607	0.2610319335416508	0.4010746132154561	0.15298005140129728	0.21784359319544733	0.2358983179958472	0.39562113747220207	0.23922996097268087	0.3593140198138697	0.14163562922939726	0.24917379216282853	0.3594793282525123	0.5159506306063263	0.36637168141592924	0.5026548672566371	0.1757908572626622	0.2870713081904025
118	0.14578137612799846	0.24457536656184864	0.15316453505477579	0.2751769612848515	0.09619348632678301	0.16490311941734231	0.1146170442286947	0.19282632146709816	0.14791649057560646	0.22979883357281716	0.2046590019863962	0.3024739661710708	0.1625322191394001	0.2446191985027335	0.23917045114362329	0.3582779727517659	0.1756122481560714	0.26661132220058115	0.15919510952623533	0.2572592969943963	0.13717193322749283	0.22817704147043	0.1412992885165237	0.1728838353613937	0.11870583038869256	0.201523851590106	0.3087645574161147	0.4452103058178417	0.19286966686148452	0.30040911747516075	0.14576479713284657	0.23402605044264357	0.25552108048914035	0.4544624931556853	0.2536073458679493	0.44818539571491034	0.19292789679797281	0.26203639714351534	0.29255025541694685	0.4450979014662639	0.11192214111922141	0.2170316301703163	0.16683725690890483	0.25281473899692936	0.13826845352052755	0.21803871516698575	0.20213374351692992	0.2958054783174584	0.13353425638577227	0.19470637383623776	0.1661999896930239	0.2830123855496195	0.13358915507100846	0.21966002008320185	0.15275036471294945	0.25744443490946534	0.17020310904345853	0.2817807027497258	0.19765309211346355	0.30805391833900175	0.17986724902844173	0.2634384565120198	0.19328710805669755	0.2638522427440633	0.23622309219354767	0.36320686710510264	0.14901520387007602	0.22568244644091223	0.12576238307386278	0.18165677555113516	0.2020846628376941	0.297808976813444	0.2819907019282067	0.4515661916012499	0.1701138171582426	0.2398727205972341	0.2659999262817756	0.4601245837991915	0.26549834884419093	0.43905734013809666	0.16261868541153018	0.27015684834496145	0.3938760369596007	0.5624873541512107	0.40530973451327434	0.5769911504424778	0.20280458991541073	0.30642443009087905
120	0.16807026421368415	0.29698437368224484	0.1886433256606843	0.3045983973970683	0.11680637625395081	0.1855160093445101	0.12720244516361023	0.2197950377562028	0.16006677373003125	0.25040148761727665	0.2362607596460603	0.3476193342563053	0.18141222439296678	0.28237920900986685	0.2656034037999758	0.3920357195177101	0.18998052300520452	0.3017337718317954	0.18339276617422312	0.2910086602139582	0.15377870480467115	0.2517586571100232	0.1562603896535674	0.21610479420174214	0.15183303886925795	0.21532685512367492	0.3433564372926089	0.4926139930560004	0.2314436002337814	0.34950321449444766	0.1537885474337372	0.24338709246034929	0.29275415221755796	0.51505749224311	0.3104503716659379	0.5115872321818977	0.21308454273208938	0.2821930430776319	0.3236619463875312	0.48724922471673304	0.13041362530413625	0.23552311435523116	0.18935516888433981	0.2865916069600819	0.15244983336878679	0.223356732610083	0.2312212822181467	0.33376718136819894	0.1477082835999045	0.2282764382907615	0.184666655214471	0.3358356380877124	0.1407617271553579	0.2340051642519007	0.18106925255299064	0.30893332189135847	0.18911456560384282	0.3132997970170329	0.21011770152602433	0.3561316975017361	0.20118994394194725	0.28923203906867967	0.20555930539363074	0.3083389580904461	0.2611762357351196	0.40534995397531304	0.16089322736696615	0.2731945404284727	0.14055795755314077	0.20631606634993177	0.22690207757214778	0.33444420808811365	0.3258135812819145	0.5182531819221096	0.1921429445600294	0.2900501774568596	0.3040876755415218	0.5240137115897334	0.2889522665866106	0.4840888622035425	0.19671615170749618	0.33835178093689344	0.4302960814729885	0.6238618736089567	0.4283185840707965	0.6513274336283186	0.229415132528566	0.34875938424817154
122	0.18855194515728727	0.35481500222888884	0.2223914435541095	0.3452692061404268	0.13054830287206268	0.20269341761714993	0.14293419633225457	0.24226896799712333	0.17591496914884625	0.2794565125517708	0.26635767170288327	0.3897550111358575	0.1896209223293001	0.3209600893106336	0.28662237820141273	0.4203794880287387	0.20434879785433763	0.33685622146300964	0.20249617931737135	0.33303616912888434	0.17536750785500294	0.28862569001135907	0.1612474233659153	0.26265044218365585	0.1877208480565371	0.22912985865724383	0.36898005201593786	0.5336117766133268	0.25014611338398596	0.3927527761542957	0.16582417288507315	0.27414480194709673	0.32816207337105313	0.583318123745209	0.33668561434193267	0.6471359860078705	0.22460262612301313	0.2994701681640175	0.360293453498058	0.5494726066579019	0.14209245742092458	0.27639902676399025	0.20880245649948825	0.32446264073694986	0.166631213217046	0.24285612990143943	0.26721094874677076	0.3889842039874578	0.16934232513726427	0.2693065170685128	0.21472866885403605	0.37448679848143884	0.1748314445560178	0.2743508822263664	0.19222517806573414	0.3372522097313997	0.20739564027888094	0.35175309202314764	0.23059527413237416	0.3837319040581207	0.21666609347594318	0.3243113113457372	0.21629747806344726	0.3482235994354789	0.29777417959609176	0.44416595503998046	0.17277125086385625	0.3207066344160332	0.1643952719919775	0.23261930986864818	0.252901273960623	0.37462478432484814	0.3515357061199603	0.5897035286944592	0.20805286990576427	0.3353322726716436	0.3403324691919254	0.6106326252288337	0.3274166916841789	0.5281822275592916	0.23605938204899543	0.37769501127839267	0.46334389964254397	0.6818641667228704	0.4672566371681416	0.7433628318584071	0.2560256751417213	0.40157727943488886
124	0.21626245466922084	0.3903567426898471	0.255274225091293	0.37555597860888523	0.15116119279923046	0.21643534423526178	0.1654081265731751	0.27193455591513843	0.20338517454145888	0.3116811765700279	0.2799012821284536	0.4303858424125685	0.21178440675740012	0.3611827091986669	0.3136922694759906	0.44872325653976725	0.253839522334685	0.37038219611098694	0.22796739684156903	0.3731533367294957	0.1933028211583555	0.30955022219860373	0.16955914621982845	0.30088436731165635	0.19600265017667845	0.24845406360424027	0.3984472089477663	0.588061957900401	0.2711864406779661	0.43132670952659263	0.18989542378774504	0.29821605284976865	0.37014053659426904	0.6534039058222303	0.39134236991692173	0.7389593353738522	0.23900023036166781	0.33690393918451966	0.3999357694121898	0.6061761724591282	0.181021897810219	0.32408759124087594	0.23643807574206754	0.3572159672466735	0.18613061050840246	0.2854002694462171	0.2943264509258712	0.44370821747618766	0.19172236810694676	0.29840057292910005	0.2430728531427688	0.40669609880954427	0.2071080189355903	0.29855831301104574	0.21282073285849137	0.35870591264052176	0.22945900626599594	0.3851633319464932	0.26264712690753045	0.41578375683327695	0.2379887883894487	0.3494170650342195	0.23777382340308031	0.38197214211204517	0.32882698044782577	0.4818729275028003	0.2084053213545266	0.35094160331720803	0.17261503559157637	0.2720741751467228	0.2753551253870335	0.4467134652201659	0.3848792012803902	0.648769148692935	0.22763431648513033	0.3732713254191653	0.40053568576378223	0.6978658574043813	0.36588111678174723	0.5835334734314019	0.2622882022766616	0.430152651733725	0.49301949146826735	0.747285357793215	0.5380530973451327	0.8690265486725663	0.2886840683487755	0.4592334550967253
126	0.24156335465837758	0.43493451886121853	0.2890223429847182	0.4144961146397605	0.17520956438092622	0.2370482341624296	0.19327580007191658	0.3002517080186983	0.22768574085030852	0.3412644746851492	0.3190272678023235	0.496599048937579	0.24872354747090014	0.4367027302129336	0.3503162400239489	0.48948732810619044	0.28257607203295126	0.40869759570867525	0.2566225165562914	0.4298267957208355	0.21788084309257943	0.3314711606804791	0.1828579027860895	0.34078063701043954	0.23465106007067138	0.289863074204947	0.46378742649225524	0.6482774525002242	0.31443600233781416	0.5037989479836353	0.22867688357538313	0.33164834577014635	0.4267202044168644	0.7220295674393138	0.42413642326191514	0.8460865763008307	0.26203639714351534	0.3743377102050219	0.4440942985317289	0.6884716130909967	0.20535279805352796	0.362043795620438	0.2599795291709314	0.41760491299897645	0.20917535276182375	0.31376302914273557	0.33327417223766986	0.4954741761817429	0.21410241107662925	0.3207806158987825	0.27184649476920963	0.43890539913764964	0.23759145029407547	0.32007602926409406	0.24972110186218138	0.4059040590405904	0.2515223722531109	0.4255077726086463	0.31161523531401913	0.4496162680959419	0.2685971730233518	0.38243285070674415	0.2684543167454133	0.41418666012149474	0.3798422961328173	0.5345517860905633	0.23216136834830686	0.3898151347615757	0.19234246823061368	0.31152904042479734	0.30489966673757357	0.49162116807298684	0.434418108375886	0.7116454538526027	0.24966344388691714	0.4381348672133154	0.46626776916366675	0.7869420451892715	0.4362428700090063	0.6379465625938157	0.2806483764360279	0.49572470230289045	0.5375328792068523	0.8288932353139542	0.6300884955752213	1.015929203539823	0.3092467603680319	0.524953431550427
128	0.2891531427332201	0.5072228045445235	0.32623180630311	0.4733389868641941	0.18895149099903807	0.2542256424350694	0.2247393024092053	0.3276699029126214	0.24881666807539515	0.36714986053588033	0.3686871726960814	0.5582977186540661	0.28402094859713356	0.494163615767267	0.3834370481716677	0.5420347641097827	0.3256808965803506	0.4502059452728375	0.2859144167091187	0.4845899133978604	0.2437874067529776	0.3597026723616822	0.22774120619722055	0.38067690670922266	0.24293286219081273	0.3533568904593639	0.5118317040984972	0.7264294774063778	0.36703682057276443	0.5739333722969024	0.2473989676107946	0.3690925138409693	0.4851250228143822	0.7972257711261179	0.47660690861390465	0.9379099256668124	0.2793135222299009	0.4434462105505644	0.48273301151132564	0.7858210977408898	0.22384428223844283	0.424330900243309	0.29375639713408397	0.46775844421699075	0.21626604268595334	0.34389846132028645	0.3682778205052358	0.5595653631505255	0.24991047982812128	0.3737467175936978	0.3186573445793895	0.47669764485596	0.25193659446277433	0.34786974609094823	0.30464258130953403	0.460825538487943	0.2817807027497258	0.4677433589268379	0.3561316975017361	0.4994747057461849	0.2943907555800117	0.44089830450184	0.3083389580904461	0.45713935080076085	0.4169947542947132	0.5894487018820216	0.27643400138217	0.4416465100207325	0.21617978266945043	0.35180588206283187	0.33444420808811365	0.5660734122763478	0.49824708482585167	0.8021492264309122	0.3035124219801738	0.4785216007832579	0.5436719047560541	0.8772468700470568	0.4831507054938457	0.6923596517562294	0.33835178093689344	0.5508052247809894	0.5982329533958319	0.8963377621905982	0.7150442477876107	1.120353982300885	0.3523880946045109	0.5878510777269759
130	0.34397175937639307	0.592161540222407	0.3694986241151936	0.5183364773887611	0.19925793596262195	0.2817094956712931	0.2526069759079468	0.3636281912980942	0.27892823937114364	0.41469444679232526	0.4138325407813158	0.6636369108529465	0.32260182889790023	0.5672210274006337	0.4146470404647104	0.6070025031687696	0.35920687122832784	0.5380120693508732	0.32412124299541517	0.5533622007131941	0.28264725224357484	0.4022160075992587	0.27594919874991686	0.4554824123944411	0.2567358657243816	0.4472173144876325	0.556673029864323	0.7834420201657848	0.4091174751607247	0.6382232612507306	0.2768193853807269	0.4105485570622376	0.5482752327066982	0.8924986311370688	0.6012243113248799	1.064713598600787	0.29371112646855563	0.4808799815710666	0.5419455846488895	0.8906976043997953	0.2598540145985402	0.4661800486618005	0.3346980552712385	0.5424769703172978	0.22867475005318016	0.389987945827129	0.4274389161687274	0.6335167327298902	0.29094055860587253	0.42223681069467656	0.3568790476354079	0.5436929895384193	0.29228231243724	0.4052503227657438	0.33553591349866985	0.5217540547498498	0.3214947615265328	0.5061966539329525	0.381951245570612	0.5555654481027084	0.32706262681844755	0.5024589882037349	0.3482235994354789	0.5599190034975763	0.45303818385476163	0.6454546462753274	0.3228662750518314	0.509675190048376	0.24001709710828717	0.40030248730046525	0.3710794393627833	0.6712519794842705	0.5620760612758174	0.9412392348144196	0.3549137192510097	0.5250275364092523	0.6302908183951543	1.0013392144094555	0.5281822275592916	0.7702266586610628	0.37769501127839267	0.6635891517599538	0.664328589734943	0.9954812166992648	0.7876106194690266	1.2778761061946904	0.4043996097120417	0.6479263936263718
132	0.37891109745665713		0.3937280420899604		0.21643534423526178		0.2881157856886012		0.3085115374862649		0.46048275446939146		0.35543662064323356		0.44267233966662634		0.38953989590983107		0.36551197147223635		0.30224324270464525		0.3108584347363521		0.28710247349823326		0.6175291148322294		0.45002922267679724		0.30089063628339885		0.6121555028289833		0.6930476606908613		0.3196268140981341		0.595638341646511		0.30364963503649633		0.368474923234391		0.2747642345600227		0.47723283835216623		0.3207806158987825		0.387370518612681		0.314696600200832		0.3629966532223462		0.3567961471059168		0.40777079363948787		0.3528562093751075		0.3804381174449285		0.4929632135212767		0.36281962681409813		0.27454010422660247		0.4467134652201659		0.6154256535325051		0.3977481336433729		0.7150667764249119		0.5835334734314019		0.4249068876881918		0.7331220071491198		0.904424778761062		0.46084621525509833
134	0.42409127600872276		0.43007216905211054		0.2370482341624296		0.3159834591873427		0.3423210210464035		0.5282008065972431		0.4260314228957003		0.4834364112330495		0.42466234554104537		0.42345899133978604		0.3231677748918899		0.35075470443513534		0.3340326855123675		0.681588151640552		0.5154880187025132		0.3383348043542218		0.6745756524913304		0.7914298207258417		0.35418106427090534		0.6784355837456468		0.33965936739659364		0.4390992835209826		0.31199035666170316		0.5230826874913723		0.3476366674624015		0.4217271056293268		0.334421173432793		0.4101947996224148		0.3908367689146085		0.43982264641464414		0.38587199504763214		0.4111186107872615		0.550632700817354		0.3962940566689703		0.31317299314471714		0.4987118579971164		0.6744912735309809		0.4626116754375229		0.8035286456733546		0.6304413089162414		0.4773645281435241		0.8140554394010926		1.0513274336283187		0.5277757618275798
136	0.49216274502716834		0.4776656686454025		0.25079016078054145		0.34070478245235525		0.372432592342152		0.5853849395052068		0.48595491783093364		0.5372577244730925		0.47574954500462974		0.48013245033112584		0.35239569286772376		0.38898862956313585		0.39752650176678445		0.758458995810539		0.5844535359438925		0.3744416807082297		0.7534221573279796		0.8788806296458243		0.4204100437687169		0.7637418331811202		0.39708029197080297		0.49437052200614123		0.3545344962064809		0.5881598927212132		0.4013487705896395		0.4556542353082645		0.36221489025964715		0.4719814640006865		0.43181159146210774		0.4941327302836589		0.44158613337001756		0.45713935080076085		0.6149563597245173		0.4405666897028334		0.3559157638626313		0.5802547921246071		0.7564210044966084		0.5054460898298863		0.8944477890675873		0.6820399279495647		0.5298221685988564		0.882174411546503		1.1398230088495576		0.5951084984396545
138	0.5704750545174155		0.5295858500199027		0.2748385323622372		0.3757641136281913		0.41786408587608825		0.699753205321134		0.5491618919407004		0.6009515862956287		0.5587662441329544		0.5501782985226693		0.39358048637912596		0.44717068954052797		0.49414752650176674		0.8218774422507783		0.6580946814728229		0.42525876594720374		0.8472348968789924		0.9903804110188019		0.4348076480073716		0.8641021266346183		0.44282238442822386		0.5649948822927329		0.40771467063745304		0.658167189256345		0.4468548579613273		0.5183550066136431		0.42228518146607374		0.5389170170771476		0.47152565023891474		0.5502234726401823		0.5010833304673797		0.5537829048291096		0.6753984185252138		0.5150742916378714		0.40112446366042515		0.6889787042945945		0.8878896425577318		0.5482805042222494		1.0216117261122237		0.7655358751125788		0.634737449509521		0.9826667565927025		1.2955752212389382		0.654377434259864